,Слово,Часть речи,Сенсорная эксклюзивность,Осязание,Зрение,Вкус,Слух,Запах,Устойчивая метафоричность,Дополнительно,post1950,Семантическая когорта
3,агатовый,прилагательное,1,0,1,0,0,0,1,0,0.8773177549335566,цвет
7,алебастровый,прилагательное,1,0,1,0,0,0,1,0,0.5044577090867951,цвет
9,алый,прилагательное,1,0,1,0,0,0,0,0,9.359883797947383,цвет
10,амбре,существительное,1,0,0,0,0,1,0,0,0.2083629667967197,запах
11,аметистовый,прилагательное,1,0,1,0,0,0,0,0,0.14256413517670294,цвет
15,аппетит,существительное,1,0,0,1,0,0,0,0,16.01653226350574,вкусный
17,аппетитный,прилагательное,0,0,1,1,0,0,0,0,2.7854838719140425,вкусный
19,аромат,существительное,0,0,0,1,0,1,0,0,22.07550800851562,запах
25,ароматный,прилагательное,0,0,0,1,0,1,0,0,5.351638305094696,запах
27,аршинный,прилагательное,1,0,1,0,0,0,1,0,0.5757397766751466,размер 
29,асимметричность,существительное,1,0,1,0,0,0,0,0,0.24674561857506278,форма
30,асимметричный,прилагательное,1,0,1,0,0,0,0,0,2.5387382533389795,форма
31,асимметрия,существительное,1,0,1,0,0,0,0,0,2.4839058936556326,форма
35,аспидный,прилагательное,1,0,1,0,0,0,0,0,0.2851282703534059,цвет
40,атласный,прилагательное,1,1,0,0,0,0,0,0,2.708718568357356,осязание
48,аховый,прилагательное,1,0,1,0,0,0,1,0,0.6305721363584939,размер 
49,ахроматический,прилагательное,1,0,1,0,0,0,0,0,0.054832359683347286,цвет
53,багрово-красный,прилагательное,1,0,1,0,0,0,0,0,0.20287973082838495,цвет
54,багрово-синий,прилагательное,1,0,1,0,0,0,0,0,0.054832359683347286,цвет
55,багровый,прилагательное,1,0,1,0,0,0,0,0,8.833493144987248,цвет
56,багряный,прилагательное,1,0,1,0,0,0,0,0,1.7765684537404522,цвет
59,бархатистость,существительное,0,1,1,1,1,1,0,0,0.12063119130336405,осязание
60,бархатистый,прилагательное,0,1,1,1,1,1,0,0,1.4201581157986949,осязание
61,бас,существительное,1,0,0,0,1,0,0,0,11.14193548765617,музыка
63,беж,существительное,1,0,1,0,0,0,0,0,0.18643002292338076,цвет
65,бежевый,прилагательное,1,0,1,0,0,0,0,0,3.3557404126208543,цвет
69,безвкусный,прилагательное,0,0,1,1,0,0,1,0,2.7471012201356992,вкусный
74,безмерно,наречие,1,0,1,0,0,0,0,глубокий,4.342722886921106,размер 
76,безмерный,прилагательное,1,0,1,0,0,0,0,глубокий,3.2515589292224942,размер 
84,беленький,прилагательное,1,0,1,0,0,0,0,0,6.618265813780018,цвет
85,белесо-голубой,прилагательное,1,0,1,0,0,0,0,0,0.027416179841673643,цвет
86,белесый,прилагательное,1,0,1,0,0,0,0,0,7.446234444998562,цвет
87,бело-голубой,прилагательное,1,0,1,0,0,0,0,0,1.069231013825272,цвет
88,бело-коричневый,прилагательное,1,0,1,0,0,0,0,0,0.054832359683347286,цвет
89,бело-красный,прилагательное,1,0,1,0,0,0,0,0,0.21932943873338914,цвет
90,бело-розовый,прилагательное,1,0,1,0,0,0,0,0,1.1076136656036153,цвет
96,белоснежный,прилагательное,1,0,1,0,0,0,0,0,10.582645418886026,цвет
98,белый,прилагательное,1,0,1,0,0,0,0,0,317.57257757804246,цвет
99,белый-белый,прилагательное,1,0,1,0,0,0,0,0,0.8115189233135398,цвет
100,белый-пребелый,прилагательное,1,0,1,0,0,0,0,0,0.027416179841673643,цвет
103,беспроглядный,прилагательное,1,0,1,0,0,0,1,0,0.027416179841673643,свет
106,бессолнечный,прилагательное,1,0,1,0,0,0,1,0,0.2741617984167365,свет
110,бесцветный,прилагательное,1,0,1,0,0,0,0,0,7.731362715351969,цвет
115,бит,существительное,1,0,0,0,1,0,1,0,0.5044577090867951,музыка
118,благовоние,существительное,1,0,0,0,0,1,0,0,2.346824994447264,запах
119,благовонный,прилагательное,1,0,0,0,0,1,0,0,0.70733743991518,запах
120,благозвучие,существительное,1,0,0,0,1,0,0,0,0.2960947422900754,музыка
127,благоухание,существительное,1,0,0,0,0,1,0,0,1.4256413517670294,запах
129,благоуханный,прилагательное,1,0,0,0,0,1,0,0,1.1788957331919667,запах
130,благоухать,глагол,1,0,0,0,0,1,0,0,3.991795784947683,запах
135,блакитный,прилагательное,1,0,1,0,0,0,0,0,0.06031559565168203,цвет
138,бледно-голубой,прилагательное,1,0,1,0,0,0,0,0,1.0472980699519334,цвет
140,бледно-коричневый,прилагательное,1,0,1,0,0,0,0,0,0.054832359683347286,цвет
141,бледно-розовый,прилагательное,1,0,1,0,0,0,0,0,1.0198818901102598,цвет
142,бледно-синий,прилагательное,1,0,1,0,0,0,0,0,0.21932943873338914,цвет
147,блекло-голубой,прилагательное,1,0,1,0,0,0,0,0,0.09321501146169038,цвет
151,блекло-синий,прилагательное,1,0,1,0,0,0,0,0,0.032899415810008374,цвет
154,блеск,существительное,1,0,1,0,0,0,0,0,31.495707402114686,яркость
155,блестеть,глагол,1,0,1,0,0,0,0,0,22.048091828673943,яркость
158,блестящий,прилагательное,1,0,1,0,0,0,0,0,47.764468520163824,яркость
159,блик,существительное,1,0,1,0,0,0,0,0,5.691598935131449,яркость
172,большой,прилагательное,1,0,1,0,0,0,0,0,1301.5831379834563,размер 
173,большой-большой,прилагательное,1,0,1,0,0,0,0,0,0.2851282703534059,размер 
174,большой-пребольшой,прилагательное,1,0,1,0,0,0,0,0,0.14256413517670294,размер 
175,большущий,прилагательное,1,0,1,0,0,0,0,0,2.4126238260672808,размер 
177,бордовый,прилагательное,1,0,1,0,0,0,0,0,2.8841821193440675,цвет
183,броский,прилагательное,1,0,1,0,0,0,0,0,2.43455676994062,яркость
184,броско,наречие,1,0,1,0,0,0,0,0,0.5318738889284687,яркость
185,броскость,существительное,1,0,1,0,0,0,0,0,0.18643002292338076,яркость
195,бурдон,существительное,1,0,0,0,1,0,0,0,0.14256413517670294,музыка
198,буро-красный,прилагательное,1,0,1,0,0,0,0,0,0.17546355098671132,цвет
199,буро-серый,прилагательное,1,0,1,0,0,0,0,0,0.054832359683347286,цвет
202,бурый,прилагательное,1,0,1,0,0,0,0,0,10.862290453271099,цвет
205,васильковый,прилагательное,1,0,1,0,0,0,1,0,1.2008286770653056,цвет
209,великанский,прилагательное,1,0,1,0,0,0,0,0,0.4551085853717825,размер 
212,великоватый,прилагательное,1,0,1,0,0,0,0,0,1.2501778007803181,размер 
227,веять,глагол,1,0,0,0,0,1,1,0,7.649114175826948,запах
256,вкус,существительное,1,0,0,1,0,0,1,0,80.37327282385047,вкусный
258,вкусить,глагол,1,0,0,1,0,0,0,0,3.3721901205258584,вкусный
260,вкусненький,прилагательное,1,0,0,1,0,0,0,0,1.135029845445289,вкусный
261,вкусно,наречие,1,0,0,1,0,0,0,0,10.69231013825272,вкусный
262,вкуснота,существительное,1,0,0,1,0,0,0,0,0.23577914663839333,вкусный
264,вкуснотища,существительное,1,0,0,1,0,0,0,0,0.1535306071133724,вкусный
265,вкусный,прилагательное,1,0,0,1,0,0,0,0,28.06320168593714,вкусный
266,вкуснющий,прилагательное,1,0,0,1,0,0,0,0,0.049349123715012565,вкусный
267,вкуснятина,существительное,1,0,0,1,0,0,0,0,0.466075057308452,вкусный
268,вкусняшка,существительное,1,0,0,1,0,0,0,0,0.1151479553350293,вкусный
269,вкусовой,прилагательное,1,0,0,1,0,0,0,0,4.430454662414461,вкусный
270,вкушение,существительное,1,0,0,1,0,0,0,0,0.4551085853717825,вкусный
271,влага,существительное,1,1,0,0,0,0,0,0,17.34347536784275,осязание
272,влажность,существительное,1,1,0,0,0,0,0,0,7.692980063573625,атмосфера
273,влажный,прилагательное,1,1,0,0,0,0,0,0,25.305133993864775,атмосфера
279,возглас,существительное,1,0,0,0,1,0,0,0,9.409232921662396,голос
282,вокал,существительное,1,0,0,0,1,0,0,0,1.8533337572971385,голос
283,волглый,прилагательное,1,1,0,0,0,0,0,0,0.8224853952502094,атмосфера
286,вонища,существительное,1,0,0,0,0,1,0,0,0.31254445019507954,вонь
288,вонь,существительное,1,0,0,0,0,1,0,0,6.075425452914879,вонь
289,вонький,прилагательное,1,0,0,0,0,1,0,0,0.1480473711450377,вонь
291,вонючий,прилагательное,1,0,0,0,0,1,0,0,9.864341507034178,вонь
292,вонючка,существительное,1,0,0,0,0,1,0,0,1.4640240035453727,вонь
306,востренький,прилагательное,1,1,0,0,0,0,0,0,0.12063119130336405,осязание
307,вострый,прилагательное,1,1,0,0,0,0,0,0,1.7272193300254395,осязание
313,вскрик,существительное,1,0,0,0,1,0,0,0,2.6593694446423437,голос
314,вскрикивать,глагол,1,0,0,0,1,0,0,0,4.265957583364419,голос
316,вскрикнуть,глагол,1,0,0,0,1,0,0,0,10.950022228764453,голос
319,всплеск,существительное,1,0,0,0,1,0,0,0,9.513414405060756,звучать
321,втора,существительное,1,0,0,0,1,0,0,0,1.1788957331919667,музыка
333,выкрик,существительное,1,0,0,0,1,0,0,0,4.710099696799532,голос
334,выкрикивать,глагол,1,0,0,0,1,0,0,0,9.129587887277323,голос
337,выкрикнуть,глагол,1,0,0,0,1,0,0,0,8.849942852892253,голос
343,вымокнуть,глагол,1,1,0,0,0,0,0,0,1.5736887229120673,атмосфера
346,выпукло,наречие,0,1,1,0,0,0,0,0,0.8882842268702261,форма
347,выпуклость,существительное,0,1,1,0,0,0,0,0,1.8094678695504605,форма
348,выпуклый,прилагательное,0,1,1,0,0,0,0,0,9.776609731540821,форма
358,высокий,прилагательное,0,0,1,0,1,0,0,0,532.663474907909,размер
362,высоченный,прилагательное,0,0,1,0,1,0,0,0,4.260474347396085,размер
368,вытянутый,прилагательное,1,0,1,0,0,0,0,0,13.083001020446662,размер
370,вяжущий,причастие,0,1,0,1,0,0,0,0,1.2117951490019752,вкусный
371,вязкий,прилагательное,0,1,0,1,0,0,0,0,5.4009874288097075,вещество
372,вязко,наречие,0,1,0,1,0,0,0,0,0.2851282703534059,вещество
373,вязкость,существительное,0,1,0,1,0,0,0,0,3.980829313011013,вещество
377,габаритный,прилагательное,0,1,1,0,0,0,0,0,0.9869824743002511,размер 
385,гам,существительное,1,0,0,0,1,0,0,0,2.730651512230695,звучать
386,гамма,существительное,1,0,0,0,1,0,0,0,9.332467618105708,музыка
388,гвалт,существительное,1,0,0,0,1,0,0,0,1.9520320047271635,звучать
397,гигантский,прилагательное,1,0,1,0,0,0,0,0,43.69590743165946,размер 
401,гладенький,прилагательное,1,1,1,0,0,0,0,0,0.6908877320101758,осязание
402,гладкий,прилагательное,1,1,1,0,0,0,1,0,23.161188730245897,осязание
403,гладко,наречие,1,1,1,0,0,0,1,0,8.921224920480604,осязание
409,глас,существительное,1,0,0,0,1,0,0,0,5.1761747541079846,звучать
417,глиссандо,существительное,1,0,0,0,1,0,0,0,0.16449707905004188,музыка
425,глубина,существительное,0,0,1,1,1,0,0,0,125.25904246063857,размер
427,глубокий-глубокий,прилагательное,0,0,1,1,1,0,0,0,0.08224853952502094,размер
429,глубоко,наречие,0,0,1,1,1,0,0,0,61.82896877894241,размер
430,глубоко-глубоко,наречие,0,0,1,1,1,0,0,0,0.31802768616341426,размер
436,глубоченный,прилагательное,0,0,1,1,1,0,0,0,0.0767653035566862,размер
455,гнедой,прилагательное,1,0,1,0,0,0,0,0,1.7052863861521008,цвет
456,гнилостный,прилагательное,1,0,0,0,0,1,0,0,0.7292703837885189,вонь
461,голос,существительное,1,0,0,0,1,0,0,0,417.537452516753,голос
462,голубенький,прилагательное,1,0,1,0,0,0,0,0,1.4201581157986949,цвет
463,голубовато-серый,прилагательное,1,0,1,0,0,0,0,0,0.29061150632174065,цвет
465,голубоватый,прилагательное,1,0,1,0,0,0,0,0,5.653216283353105,цвет
466,голубой,прилагательное,1,0,1,0,0,0,0,0,74.24301501125223,цвет
468,гомон,существительное,1,0,0,0,1,0,0,0,2.873215647407398,звучать
470,горечь,существительное,1,0,0,1,0,0,1,0,19.788998609720036,вкусный
475,горчинка,существительное,1,0,0,1,0,0,0,0,0.4057594616567699,вкусный
476,горчить,глагол,1,0,0,1,0,0,0,0,0.8334518671868788,вкусный
477,горький,прилагательное,0,0,0,1,0,1,1,0,79.53982095666359,вкусный
480,горько,наречие,0,0,0,1,0,1,1,0,18.357874021984674,вкусный
483,горьковато-сладкий,прилагательное,1,0,0,1,0,0,0,0,0.0383826517783431,вкусный
484,горьковатый,прилагательное,0,0,0,1,0,1,0,0,1.9904146565055065,вкусный
488,горькость,существительное,1,0,0,1,0,0,0,0,0.0383826517783431,вкусный
494,горяченький,прилагательное,1,1,0,0,0,0,0,0,0.6799212600735064,температура
495,горячий,прилагательное,1,1,0,0,0,0,1,0,90.10601666764461,температура
496,горячо,наречие,1,1,0,0,0,0,1,0,19.997361576516756,температура
497,гранатовый,прилагательное,1,0,1,0,0,0,1,0,1.2885604525586614,цвет
504,громадный,прилагательное,1,0,1,0,0,0,0,0,36.78154687558936,размер 
505,громкость,существительное,1,0,0,0,1,0,0,0,2.5826041410856573,звучать
509,громыхание,существительное,1,0,0,0,1,0,0,0,0.5757397766751466,звучать
510,громыхать,глагол,1,0,0,0,1,0,0,0,3.5037877837658917,звучать
512,грохотать,глагол,1,0,0,0,1,0,0,0,8.213887480565424,звучать
520,грязно-белый,прилагательное,1,0,1,0,0,0,0,0,0.6470218442634981,цвет
523,грязно-серый,прилагательное,1,0,1,0,0,0,0,0,0.5647733047384771,цвет
524,грязновато-серый,прилагательное,1,0,1,0,0,0,0,0,0.032899415810008374,цвет
526,гул,существительное,1,0,0,0,1,0,0,0,15.736887229120674,звучать
527,гулкий,прилагательное,1,0,0,0,1,0,0,0,7.758778895193642,звучать
528,гулко,наречие,1,0,0,0,1,0,0,0,5.444853316556386,звучать
529,гулкость,существительное,1,0,0,0,1,0,0,0,0.20287973082838495,звучать
531,гунявый,прилагательное,1,0,0,0,0,1,0,0,0.0383826517783431,вонь
535,густо-красный,прилагательное,1,0,1,0,0,0,0,0,0.09321501146169038,цвет
536,густо-синий,прилагательное,1,0,1,0,0,0,0,0,0.3947929897201005,цвет
544,двуострый,прилагательное,0,1,1,0,0,0,0,0,0.0383826517783431,осязание
546,деликатесный,прилагательное,1,0,0,1,0,0,0,0,0.7950692154085357,вкусный
556,десертный,прилагательное,0,0,0,1,0,1,1,0,0.7621697995985274,вкусный
561,диссонанс,существительное,1,0,0,0,1,0,1,0,2.1494284995872137,музыка
566,длинненький,прилагательное,0,0,1,0,1,0,0,0,0.1919132588917155,размер
567,длинно,наречие,0,0,1,0,1,0,0,0,3.6573183908792646,размер
571,длинноватый,прилагательное,0,0,1,0,1,0,0,0,0.745720091693523,размер
572,длиннущий,прилагательное,0,0,1,0,1,0,0,0,0.06579883162001675,размер
573,длинный,прилагательное,0,0,1,0,1,0,0,0,181.65412439496123,размер
574,длинный-длинный,прилагательное,0,0,1,0,1,0,0,0,0.767653035566862,размер
575,длинный-предлинный,прилагательное,0,0,1,0,1,0,0,0,0.4386588774667783,размер
576,длиннющий,прилагательное,0,0,1,0,1,0,0,0,2.8622491754707284,размер
589,доноситься,глагол,1,0,0,0,1,0,1,0,23.320202573327602,звучать
597,дубак,существительное,1,1,0,0,0,0,0,0,0.049349123715012565,температура
604,духан,существительное,1,0,0,0,0,1,0,0,0.7566865636301926,вонь
607,духмяный,прилагательное,1,0,0,0,0,1,0,0,0.10966471936669457,запах
609,духовитый,прилагательное,1,0,0,0,0,1,0,0,0.36189357391009214,запах
610,духота,существительное,1,1,0,0,0,0,0,0,7.062407927215131,атмосфера
611,душисто,наречие,1,0,0,0,0,1,0,0,0.09321501146169038,запах
612,душистость,существительное,1,0,0,0,0,1,0,0,0.06031559565168203,запах
613,душистый,прилагательное,1,0,0,0,0,1,0,0,8.241303660407098,запах
614,душок,существительное,1,0,0,0,0,1,0,0,1.4749904754820422,вонь
615,дымчато-серый,прилагательное,1,0,1,0,0,0,0,0,0.12611442727169878,цвет
616,дымчато-синий,прилагательное,1,0,1,0,0,0,0,0,0.032899415810008374,цвет
617,дымчатый,прилагательное,1,0,1,0,0,0,0,0,2.429073533972285,цвет
618,дюжий,прилагательное,1,0,1,0,0,0,0,0,2.089112903935532,размер 
619,едкий,прилагательное,0,1,0,1,0,1,1,0,6.969192915753441,вонь
620,едко,наречие,0,1,0,1,0,1,1,0,1.2611442727169877,вонь
621,едкость,существительное,0,1,0,1,0,1,1,0,0.15901384308170713,вонь
624,жар,существительное,1,1,0,0,0,0,1,0,15.429826014893926,атмосфера
625,жара,существительное,1,1,0,0,0,0,1,0,38.79937771193654,атмосфера
626,жареный,прилагательное,0,1,0,1,0,1,0,0,13.98225171925356,вкусный
628,жарища,существительное,1,1,0,0,0,0,0,0,0.5647733047384771,атмосфера
629,жаркий,прилагательное,1,1,0,0,0,0,1,0,19.695783598258345,атмосфера
630,жарко,наречие,1,1,0,0,0,0,0,0,21.565567063460488,атмосфера
634,жарынь,существительное,1,1,0,0,0,0,0,0,0.0767653035566862,атмосфера
636,жгучесть,существительное,0,1,0,1,0,1,0,горячий,0.10966471936669457,осязание
637,жгучий,прилагательное,0,1,0,1,0,1,0,горячий,8.334518671868787,осязание
639,желтенький,прилагательное,1,0,1,0,0,0,0,0,0.032899415810008374,цвет
645,желтовато-красный,прилагательное,1,0,1,0,0,0,0,0,0.054832359683347286,цвет
646,жемчужно-белый,прилагательное,1,0,1,0,0,0,0,0,0.027416179841673643,цвет
647,жемчужно-серый,прилагательное,1,0,1,0,0,0,0,0,0.2302959106700586,цвет
652,жирненький,прилагательное,0,1,1,0,0,0,0,0,0.17546355098671132,вкусный
673,загрубелый,прилагательное,1,1,0,0,0,0,0,0,0.10418148339835985,осязание
677,закаменелый,прилагательное,1,1,0,0,0,0,1,0,0.1315976632400335,осязание
678,закиснуть,глагол,1,0,0,1,0,0,1,0,0.548323596833473,вкусный
680,закругление,существительное,1,0,1,0,0,0,0,0,0.44414211343511306,форма
682,закруглить,глагол,1,0,1,0,0,0,0,0,1.9355822968221592,форма
685,заливаться,глагол,1,0,0,0,1,0,1,0,5.77384747465647,звучать
706,запах,существительное,1,0,0,0,0,1,0,0,104.75173993906665,запах
710,запашистый,прилагательное,1,0,0,0,0,1,0,0,0.09869824743002513,запах
711,запашок,существительное,1,0,0,0,0,1,0,0,0.5812230126434813,вонь
721,засолить,глагол,1,0,0,1,0,0,0,0,0.8718345189652219,вкусный
727,застылый,причастие,1,1,0,0,0,0,0,0,13.47231077419843,температура
728,засуха,существительное,1,1,0,0,0,0,0,0,5.65869951932144,атмосфера
729,засушливый,прилагательное,1,1,0,0,0,0,0,0,2.610020320927331,атмосфера
733,затверделый,прилагательное,1,1,0,0,0,0,0,0,0.06031559565168203,осязание
734,затвердеть,глагол,1,1,0,0,0,0,0,0,2.2316770391122347,осязание
742,затхло,наречие,0,0,0,1,0,1,0,0,0.08773177549335566,запах
743,затхлый,прилагательное,1,0,0,1,0,1,0,0,2.2974758707322516,запах
748,зачерствелый,прилагательное,1,1,0,0,0,0,1,0,0.08773177549335566,вкусный
749,зачерстветь,глагол,1,1,0,0,0,0,1,0,0.40027622568843524,вкусный
753,звенеть,глагол,1,0,0,0,1,0,0,0,16.06039815125242,звучать
755,звенящий,причастие,1,0,0,0,1,0,0,0,3.980829313011013,звучать
756,звон,существительное,1,0,0,0,1,0,0,0,24.334601227469527,звучать
757,звонить,глагол,1,0,0,0,1,0,0,0,116.73261052987804,звучать
758,звонкий,прилагательное,1,0,0,0,1,0,0,0,12.079568838241409,звучать
759,звонко,наречие,1,0,0,0,1,0,0,0,7.117240286898478,звучать
760,звонкость,существительное,1,0,0,0,1,0,0,0,0.4222091695617741,звучать
761,звонок,существительное,1,0,0,0,1,0,0,0,74.5062103377323,звучать
763,звук,существительное,1,0,0,0,1,0,0,0,122.69837126342622,звучать
764,звучание,существительное,0,0,0,0,1,1,0,аромат,11.657359668679634,звучать
765,звучок,существительное,1,0,0,0,1,0,0,0,0.07128206758835147,звучать
768,здоровенный,прилагательное,1,0,1,0,0,0,0,0,10.275584204659282,размер 
775,зеленовато-голубой,прилагательное,1,0,1,0,0,0,0,0,0.2083629667967197,цвет
776,зеленоватый,прилагательное,1,0,1,0,0,0,0,0,7.671047119700286,цвет
781,землисто-серый,прилагательное,1,0,1,0,0,0,0,0,0.09869824743002513,цвет
783,землистый,прилагательное,1,0,1,0,0,0,0,0,1.2446945648119834,цвет
788,златой,прилагательное,1,0,1,0,0,0,0,0,0.8553848110602178,цвет
789,зловоние,существительное,1,0,0,0,0,1,0,0,1.1459963173819583,вонь
790,зловонно,наречие,1,0,0,0,0,1,0,0,0.09321501146169038,вонь
791,зловонный,прилагательное,1,0,0,0,0,1,0,0,2.33037528654226,вонь
793,знобкий,прилагательное,1,1,0,0,0,0,0,0,0.25222885454339755,температура
794,знобко,наречие,1,1,0,0,0,0,0,0,0.2412623826067281,температура
795,зной,существительное,1,1,0,0,0,0,0,0,6.766313184925056,атмосфера
796,знойкий,прилагательное,1,1,0,0,0,0,0,0,0.25222885454339755,атмосфера
797,знойно,наречие,1,1,0,0,0,0,0,0,0.21384620276505445,атмосфера
798,знойный,существительное,1,1,0,0,0,0,1,0,4.682683516957859,атмосфера
799,золотенький,прилагательное,1,0,1,0,0,0,0,0,0.10418148339835985,цвет
800,золотисто-красный,прилагательное,1,0,1,0,0,0,0,0,0.06031559565168203,цвет
801,золотистый,прилагательное,1,0,1,0,0,0,0,0,11.876689107413023,цвет
820,зябко,наречие,1,1,0,0,0,0,0,0,4.381105538699448,температура
826,изгиб,существительное,0,1,1,0,0,0,0,гибкий,7.786195075035315,форма
827,изгибать,глагол,0,1,1,0,0,0,0,гибкий,0.9266668786485692,форма
828,изгибаться,глагол,0,1,1,0,0,0,0,гибкий,3.284458345032503,форма
858,изумрудный,прилагательное,1,0,1,0,0,0,1,0,4.841697360039566,цвет
865,индиго,прилагательное,1,0,1,0,0,0,1,0,1.41467487983036,цвет
866,индиговый,прилагательное,1,0,1,0,0,0,1,0,0.1151479553350293,цвет
874,искривить,глагол,1,0,1,0,0,0,0,0,2.807416815787381,форма
875,искривиться,глагол,1,0,1,0,0,0,0,0,0.5538068328018076,форма
876,искривление,существительное,1,0,1,0,0,0,0,0,1.2556610367486531,форма
895,иссиня-белый,прилагательное,1,0,1,0,0,0,0,0,0.08224853952502094,цвет
913,какофония,существительное,1,0,0,0,1,0,0,0,0.9814992383319164,музыка
917,камертон,существительное,1,0,0,0,1,0,0,0,1.2666275086853225,музыка
919,канареечный,прилагательное,1,0,1,0,0,0,1,0,0.6141224284534896,цвет
921,караковый,прилагательное,1,0,1,0,0,0,0,0,0.12611442727169878,цвет
922,карамельный,прилагательное,1,0,0,1,0,1,0,0,0.3947929897201005,вкусный
923,карий,прилагательное,1,0,1,0,0,0,0,0,5.34615506912636,цвет
927,карминный,прилагательное,1,0,1,0,0,0,0,0,0.20287973082838495,цвет
929,карминовый,прилагательное,1,0,1,0,0,0,0,0,0.08224853952502094,цвет
940,каштановый,прилагательное,1,0,1,0,0,0,0,0,7.539449456460252,цвет
941,квадрат,существительное,1,0,1,0,0,0,0,0,19.778032137783367,форма
942,квадратный,прилагательное,1,0,1,0,0,0,0,0,28.359296428227218,форма
944,квас,существительное,0,0,0,1,0,1,1,0,5.313255653316353,вкусный
947,квашеный,прилагательное,1,0,0,1,0,0,0,0,2.12201231974554,вкусный
950,киноварный,прилагательное,1,0,1,0,0,0,1,0,0.15901384308170713,цвет
951,кипенный,прилагательное,1,0,1,0,0,0,1,0,0.0767653035566862,цвет
954,кирпично-красный,прилагательное,1,0,1,0,0,0,1,0,0.21932943873338914,цвет
956,кисленький,прилагательное,1,0,0,1,0,0,0,0,0.3947929897201005,вкусный
958,кислинка,существительное,1,0,0,1,0,0,0,0,0.2741617984167365,вкусный
959,кисло,наречие,1,0,0,1,0,0,0,0,2.2919926347639166,вкусный
960,кисловато,наречие,1,0,0,1,0,0,0,0,0.1151479553350293,вкусный
961,кислота,существительное,1,0,0,1,0,0,1,0,37.225688989024476,вкусный
962,кислотность,существительное,1,0,0,1,0,0,0,0,1.8752667011704773,вкусный
963,кислый,прилагательное,1,0,0,1,0,0,1,0,13.4832772461351,вкусный
964,кислятина,существительное,1,0,0,1,0,0,0,0,0.6963709679785106,вкусный
969,колкий,прилагательное,1,1,0,0,0,0,1,0,1.5462725430703936,осязание
970,колко,наречие,1,1,0,0,0,0,1,0,0.2960947422900754,осязание
973,колоритный,прилагательное,0,0,1,1,0,1,0,0,3.7889160541192974,яркость
974,колотун,существительное,1,1,0,0,0,0,1,0,0.27964503438507116,температура
977,колючий,прилагательное,1,1,0,0,0,0,0,0,19.180359417234882,осязание
978,колющий,прилагательное,1,1,0,0,0,0,0,0,1.0418148339835984,осязание
989,кораллово-красный,прилагательное,1,0,1,0,0,0,0,0,0.06031559565168203,цвет
992,коралловый,прилагательное,1,0,1,0,0,0,1,0,2.4564897138139585,цвет
994,коричневатый,прилагательное,1,0,1,0,0,0,0,0,1.453057531608703,цвет
995,коричневенький,прилагательное,1,0,1,0,0,0,0,0,0.032899415810008374,цвет
997,коричнево-серый,прилагательное,1,0,1,0,0,0,0,0,0.07128206758835147,цвет
998,коричневый,прилагательное,1,0,1,0,0,0,0,0,26.3195326480067,цвет
1001,коротенек,наречие,0,0,1,0,1,0,0,0,0.2412623826067281,размер
1003,коротенький,прилагательное,0,0,1,0,1,0,0,0,6.497634622476654,размер
1005,короткий,прилагательное,0,0,1,0,1,0,0,0,126.14184345154044,размер
1006,коротко,наречие,0,0,1,0,1,0,0,0,29.614957464975873,размер
1008,коротковатый,прилагательное,0,0,1,0,1,0,0,0,1.0089154181735902,размер
1011,корявый,прилагательное,1,0,1,0,0,0,0,0,6.996609095595114,форма
1013,красненький,прилагательное,1,0,1,0,0,0,0,0,1.5627222509753977,цвет
1015,красно-коричневый,прилагательное,1,0,1,0,0,0,0,0,1.1788957331919667,цвет
1016,красно-оранжевый,прилагательное,1,0,1,0,0,0,0,0,0.21384620276505445,цвет
1017,красно-фиолетовый,прилагательное,1,0,1,0,0,0,0,0,0.14256413517670294,цвет
1019,красновато-коричневый,прилагательное,1,0,1,0,0,0,0,0,0.23577914663839333,цвет
1020,красновато-оранжевый,прилагательное,1,0,1,0,0,0,0,0,0.049349123715012565,цвет
1022,красновато-серый,прилагательное,1,0,1,0,0,0,0,0,0.032899415810008374,цвет
1024,красный,прилагательное,1,0,1,0,0,0,0,0,268.37698447014327,цвет
1026,красный-прекрасный,прилагательное,1,0,1,0,0,0,0,0,0.049349123715012565,цвет
1027,красочно,наречие,0,0,1,1,0,0,1,светлый,2.056213488125523,яркость
1028,красочность,существительное,0,0,1,1,0,0,1,0,0.6250889003901591,яркость
1029,красочный,прилагательное,0,0,1,1,0,0,1,яркий,8.29065278412211,яркость
1032,кремово-белый,прилагательное,1,0,1,0,0,0,0,0,0.032899415810008374,цвет
1035,кремовый,прилагательное,1,0,1,0,0,0,1,0,2.5058388375289713,цвет
1039,кривой,прилагательное,1,0,1,0,0,0,0,0,10.62102807066437,форма
1040,кроваво-красный,прилагательное,1,0,1,0,0,0,1,0,0.9376333505852387,цвет
1044,крохотность,существительное,1,0,1,0,0,0,0,0,0.0383826517783431,размер
1045,крохотный,прилагательное,1,0,1,0,0,0,0,0,23.627263787554348,размер
1047,крошечность,существительное,1,0,1,0,0,0,0,0,0.049349123715012565,размер
1048,крошечный,прилагательное,1,0,1,0,0,0,0,0,21.85617856978223,размер
1049,круг,существительное,1,0,1,0,0,0,0,0,149.3578645414697,форма
1052,круглый,прилагательное,1,0,1,0,0,0,0,0,73.62340934683041,форма
1054,крючковатый,прилагательное,1,0,1,0,0,0,0,0,0.9760160023635818,форма
1055,кумачный,прилагательное,1,0,1,0,0,0,0,0,0.0383826517783431,цвет
1056,кумачовый,прилагательное,1,0,1,0,0,0,0,0,1.0418148339835984,цвет
1059,лазоревый,прилагательное,1,0,1,0,0,0,0,0,0.8937674628385609,цвет
1061,лазурно-голубой,прилагательное,1,0,1,0,0,0,0,0,0.032899415810008374,цвет
1063,лазурный,прилагательное,1,0,1,0,0,0,0,0,2.6374365007690046,цвет
1064,лакомый,прилагательное,1,0,0,1,0,0,1,0,2.6045370849589964,вкусный
1073,леденящий,прилагательное,1,1,0,0,0,0,1,0,2.3029591067005866,температура
1074,ледышка,существительное,1,1,0,0,0,0,0,0,0.7183039118518495,температура
1075,ледяной,прилагательное,1,1,0,0,0,0,0,0,34.796615455052184,температура
1077,лилейный,прилагательное,1,0,1,0,0,0,0,0,0.2960947422900754,цвет
1078,лиловатый,прилагательное,1,0,1,0,0,0,0,0,0.586706248611816,цвет
1079,лиловый,прилагательное,1,0,1,0,0,0,0,0,9.984972698337542,цвет
1082,лимонный,прилагательное,0,0,1,1,0,0,0,0,5.87802895805483,цвет
1083,ломкий,прилагательное,1,1,0,0,0,0,0,0,2.796450343850712,осязание
1084,ломко,наречие,1,1,0,0,0,0,0,0,0.1480473711450377,осязание
1104,малахитовый,прилагательное,1,0,1,0,0,0,1,0,1.2666275086853225,цвет
1105,маленький,прилагательное,1,0,1,0,0,0,0,0,544.9897893647253,размер
1106,маленький-маленький,прилагательное,1,0,1,0,0,0,0,0,0.6141224284534896,размер
1107,маленький-премаленький,прилагательное,1,0,1,0,0,0,0,0,0.032899415810008374,размер
1113,малиново-красный,прилагательное,1,0,1,0,0,0,0,0,0.12611442727169878,цвет
1114,малиново-розовый,прилагательное,1,0,1,0,0,0,0,0,0.027416179841673643,цвет
1115,малиновый,прилагательное,1,0,1,0,0,0,1,0,8.866392560797257,цвет
1123,малогабаритный,прилагательное,1,0,1,0,0,0,0,0,1.721736094057105,размер
1128,малосольный,прилагательное,1,0,0,1,0,0,0,0,0.992465710268586,вкусный
1129,малосъедобный,прилагательное,1,0,0,1,0,0,0,0,0.0767653035566862,вкусный
1131,малый,прилагательное,1,0,1,0,0,0,0,0,206.81121101768096,размер
1132,малюсенький,прилагательное,1,0,1,0,0,0,0,0,2.895148591280737,размер
1135,масенький,прилагательное,1,0,1,0,0,0,0,0,0.054832359683347286,размер
1136,масленый,прилагательное,1,1,0,0,0,0,0,0,0.8170021592818746,осязание
1137,маслянистый,прилагательное,1,1,0,0,0,0,0,0,2.5003556015606363,осязание
1141,матово-белый,прилагательное,1,0,1,0,0,0,0,0,0.14256413517670294,цвет
1143,матово-серый,прилагательное,1,0,1,0,0,0,0,0,0.04386588774667783,цвет
1145,матовый,прилагательное,0,1,1,0,0,0,0,0,6.2673387118065955,яркость
1149,махонький,прилагательное,1,0,1,0,0,0,0,0,1.3269431043370044,размер
1156,мгла,существительное,1,0,1,0,0,0,0,0,9.8204756192875,свет
1158,мглистый,прилагательное,1,0,1,0,0,0,0,0,1.4256413517670294,свет
1161,медно-красный,прилагательное,1,0,1,0,0,0,0,0,0.18094678695504607,цвет
1163,медовый,прилагательное,1,0,1,0,0,0,1,0,5.126825630392972,вкусный
1165,мелкий,прилагательное,1,0,1,0,0,0,0,0,124.45300677329334,размер
1166,меловой,прилагательное,1,0,1,0,0,0,1,0,2.873215647407398,цвет
1167,мелодизм,существительное,1,0,0,0,1,0,0,0,0.09869824743002513,музыка
1168,мелодичность,существительное,1,0,0,0,1,0,0,0,0.1919132588917155,музыка
1169,мелодичный,прилагательное,1,0,0,0,1,0,0,0,2.4400400059089544,музыка
1170,мелодия,существительное,1,0,0,0,1,0,0,0,24.071405900989458,музыка
1180,мертвенно-бледный,прилагательное,1,0,1,0,0,0,1,0,0.29061150632174065,цвет
1184,миниатюрный,прилагательное,1,0,1,0,0,0,0,0,8.581264290443851,размер
1185,многоголосие,существительное,1,0,0,0,1,0,0,0,0.8334518671868788,музыка
1191,многоугольный,прилагательное,1,0,1,0,0,0,0,0,0.23577914663839333,форма
1192,модуляция,существительное,1,0,0,0,1,0,0,0,1.4585407675770379,музыка
1194,мокренек,прилагательное,1,1,0,0,0,0,0,0,0.027416179841673643,атмосфера
1195,мокренький,прилагательное,1,1,0,0,0,0,0,0,0.09869824743002513,атмосфера
1198,мокро,наречие,1,1,0,0,0,0,0,0,2.105562611840536,атмосфера
1200,мокрый,прилагательное,1,1,0,0,0,0,0,0,64.4170561559964,атмосфера
1203,молочно-белый,прилагательное,1,0,1,0,0,0,0,0,0.745720091693523,цвет
1204,молочно-голубой,прилагательное,1,0,1,0,0,0,0,0,0.06579883162001675,цвет
1209,морозно,наречие,1,1,0,0,0,0,0,0,1.173412497223632,температура
1210,морозный,прилагательное,1,1,0,0,0,0,0,0,11.898622051286363,температура
1217,мрачно,наречие,1,0,1,0,0,0,1,0,14.936334777743802,свет
1218,мрачный,прилагательное,1,0,1,0,0,0,1,0,37.275038112739495,свет
1220,музыка,существительное,1,0,0,0,1,0,0,0,171.94879673100877,музыка
1224,мутно,наречие,1,0,1,0,0,0,1,0,1.491440183387046,свет
1225,мутно-белый,прилагательное,1,0,1,0,0,0,0,0,0.10418148339835985,цвет
1226,мутно-голубой,прилагательное,1,0,1,0,0,0,0,0,0.054832359683347286,цвет
1227,мутно-серый,прилагательное,1,0,1,0,0,0,0,0,0.08773177549335566,цвет
1228,мутный,прилагательное,1,0,1,0,0,0,1,0,20.05767717216844,свет
1230,мухортый,прилагательное,1,0,1,0,0,0,1,0,0.032899415810008374,цвет
1231,мучнисто-белый,прилагательное,1,0,1,0,0,0,1,0,0.06579883162001675,цвет
1232,мышастый,прилагательное,1,0,1,0,0,0,1,0,0.17546355098671132,цвет
1233,мышино-серый,прилагательное,1,0,1,0,0,0,1,0,0.0383826517783431,цвет
1234,мягенький,прилагательное,0,1,0,1,1,1,0,0,0.08773177549335566,осязание
1235,мягкий,прилагательное,0,1,0,1,1,1,0,0,86.47063122063868,осязание
1236,мягкий-мягкий,прилагательное,0,1,0,1,1,1,0,0,0.0767653035566862,осязание
1237,мягко,наречие,0,1,0,1,1,1,0,0,32.564938415939956,осязание
1238,мягковатый,прилагательное,0,1,0,1,1,1,0,0,0.10966471936669457,осязание
1240,мягонький,прилагательное,0,1,0,1,1,1,0,0,0.3344773940684185,осязание
1242,мяконький,прилагательное,0,1,0,1,1,1,0,0,0.15901384308170713,осязание
1249,нажористый,прилагательное,1,0,0,1,0,0,0,0,0.027416179841673643,вкусный
1251,накаленный,причастие,1,1,0,0,0,0,1,0,0.032899415810008374,температура
1254,налитой,прилагательное,0,0,1,1,0,0,0,полный,3.8985807734859925,вкусный
1255,намокнуть,глагол,1,1,0,0,0,0,0,0,2.3742411742889376,атмосфера
1258,напев,существительное,1,0,0,0,1,0,0,0,1.5243395991970548,музыка
1270,неаппетитный,прилагательное,1,0,0,1,0,0,0,0,0.3783432818150963,вкусный
1272,небесно-голубой,прилагательное,1,0,1,0,0,0,0,0,0.6031559565168202,цвет
1273,небесно-синий,прилагательное,1,0,1,0,0,0,0,0,0.08773177549335566,цвет
1275,небесный,прилагательное,1,0,1,0,0,0,1,0,41.776774842742306,цвет
1277,неблестящий,прилагательное,1,0,1,0,0,0,0,0,0.08773177549335566,яркость
1278,небольшой,прилагательное,1,0,1,0,0,0,0,0,219.5542514080909,размер
1279,неброский,прилагательное,1,0,1,0,0,0,0,0,1.617554610658745,яркость
1280,неброско,наречие,1,0,1,0,0,0,0,0,0.2851282703534059,яркость
1282,невеликий,прилагательное,1,0,1,0,0,0,0,0,1.4256413517670294,размер
1287,невзрачно,наречие,1,0,1,0,0,0,0,0,0.12611442727169878,яркость
1288,невзрачный,прилагательное,1,0,1,0,0,0,0,0,5.746431294814796,яркость
1289,невкусный,прилагательное,1,0,0,1,0,0,0,0,1.9246158248854899,вкусный
1298,неглубокий,прилагательное,1,0,1,0,0,0,0,0,4.940395607469591,размер
1314,недлинный,прилагательное,0,0,1,0,1,0,0,0,0.8279686312185441,размер
1317,недюжинный,прилагательное,1,0,1,0,0,0,0,0,2.2590932189539084,размер 
1321,нежно-голубой,прилагательное,1,0,1,0,0,0,0,0,0.47155829327678667,цвет
1324,нежно-розовый,прилагательное,1,0,1,0,0,0,0,0,0.8444183391235482,цвет
1325,нежно-фиолетовый,прилагательное,1,0,1,0,0,0,0,0,0.032899415810008374,цвет
1327,нежный,прилагательное,0,1,1,1,1,1,0,0,50.31417324543947,осязание
1339,некрепкий,прилагательное,0,1,1,1,0,1,0,0,0.5044577090867951,осязание
1340,некрепко,наречие,0,1,1,1,0,1,0,0,0.12063119130336405,осязание
1344,немаленький,прилагательное,1,0,1,0,0,0,0,0,1.2611442727169877,размер 
1345,немалый,прилагательное,1,0,1,0,0,0,0,0,28.496377327435585,размер 
1355,неострый,прилагательное,0,1,1,1,0,1,0,0,0.06579883162001675,осязание
1356,неостывший,прилагательное,1,1,0,0,0,0,0,0,0.466075057308452,температура
1363,неприглядный,прилагательное,1,0,1,0,0,0,0,0,3.2570421651908292,яркость
1369,непроглядный,прилагательное,1,0,1,0,0,0,0,0,2.7800006359457075,свет
1371,неровно,наречие,0,1,1,0,0,0,0,0,2.467456185750628,форма
1372,неровность,существительное,0,1,1,0,0,0,0,0,2.790967107882377,форма
1373,неровный,прилагательное,0,1,1,0,0,0,0,0,9.157004067118997,форма
1375,несладкий,прилагательное,0,0,0,1,0,1,0,0,0.6525050802318327,вкусный
1376,несладко,наречие,0,0,0,1,0,1,0,0,1.496923419355381,вкусный
1383,несъедобный,прилагательное,1,0,0,1,0,0,0,0,1.5846551948487366,вкусный
1384,нетвёрдый,прилагательное,0,1,0,0,1,0,0,0,1.535306071133724,осязание
1396,неширокий,прилагательное,1,0,1,0,0,0,0,0,2.0342805442521845,форма
1397,нешироко,наречие,1,0,1,0,0,0,0,0,0.06579883162001675,форма
1399,неяркий,прилагательное,1,0,1,0,0,0,0,0,2.610020320927331,яркость
1400,неярко,наречие,1,0,1,0,0,0,0,0,0.3728600458467615,яркость
1401,неяркость,существительное,1,0,1,0,0,0,0,0,0.04386588774667783,яркость
1406,низенький,прилагательное,0,0,1,0,1,0,0,0,5.406470664778043,размер
1408,низкий,прилагательное,0,0,1,0,1,0,0,0,109.18219460148113,размер
1409,низко,наречие,0,0,1,0,1,0,0,0,15.68753810540566,размер
1410,нота,существительное,1,0,0,0,1,1,1,аромат,24.756810397031302,музыка
1418,обертон,существительное,1,0,0,0,1,0,0,0,1.4256413517670294,музыка
1420,обжигающе,наречие,1,1,0,0,0,0,0,0,0.4112426976251047,температура
1434,объедение,существительное,1,0,0,1,0,0,0,0,0.4222091695617741,вкусный
1435,овал,существительное,1,0,1,0,0,0,0,0,4.030178436726026,форма
1436,овально,наречие,1,0,1,0,0,0,0,0,0.0383826517783431,форма
1440,овальность,существительное,1,0,1,0,0,0,0,0,0.06579883162001675,форма
1441,овальный,прилагательное,1,0,1,0,0,0,0,0,7.621697995985274,форма
1453,огненно-красный,прилагательное,1,0,1,0,0,0,0,0,0.4167259335934394,цвет
1459,огромный,прилагательное,1,0,1,0,0,0,0,0,305.5752572793261,размер 
1460,огрубелый,прилагательное,1,1,0,0,0,0,0,0,0.4057594616567699,осязание
1461,одеревенелый,прилагательное,1,1,0,0,0,0,1,0,0.21384620276505445,осязание
1465,ознобный,прилагательное,1,1,0,0,0,0,1,0,0.17546355098671132,температура
1467,окрик,существительное,1,0,0,0,1,0,0,0,4.748482348577875,голос
1469,окрикивать,глагол,1,0,0,0,1,0,0,0,0.054832359683347286,голос
1471,округло,наречие,1,0,1,0,0,0,0,0,0.38930975375176574,форма
1472,округлость,существительное,1,0,1,0,0,0,0,0,1.2611442727169877,форма
1473,округлый,прилагательное,0,1,1,0,0,0,0,0,9.255702314549023,форма
1487,ор,существительное,1,0,0,0,1,0,0,0,7.2049720623918345,голос
1489,оранжево-коричневый,прилагательное,1,0,1,0,0,0,0,0,0.032899415810008374,цвет
1490,оранжево-красный,прилагательное,1,0,1,0,0,0,0,0,0.4386588774667783,цвет
1491,оранжево-розовый,прилагательное,1,0,1,0,0,0,0,0,0.0383826517783431,цвет
1492,оранжевый,прилагательное,1,0,1,0,0,0,0,0,17.78213424530953,цвет
1493,орать,существительное,1,0,0,0,1,0,1,0,24.235902980039505,голос
1496,освещать,глагол,1,0,1,0,0,0,1,0,14.706038867073744,свет
1497,освещение,существительное,1,0,1,0,0,0,1,0,19.74513272197336,свет
1500,осклизлый,прилагательное,1,1,0,0,0,0,0,0,0.8828009909018913,осязание
1501,ослепительный,прилагательное,1,0,1,0,0,0,1,0,9.617595888459116,яркость
1503,ослеплять,глагол,1,0,1,0,0,0,0,0,2.4126238260672808,яркость
1504,ослепляющий,причастие,1,0,1,0,0,0,0,0,0.10418148339835985,яркость
1507,ослизлый,прилагательное,1,1,0,0,0,0,0,0,0.10966471936669457,осязание
1516,остренький,прилагательное,0,1,1,1,0,1,1,0,1.3104933964320002,осязание
1519,островерхий,прилагательное,0,1,1,0,0,0,0,0,1.2940436885269961,форма
1520,остроконечный,прилагательное,0,1,1,0,0,0,0,0,1.7820516897087868,форма
1522,острота,существительное,0,1,1,1,0,1,1,0,14.026117607000236,форма
1528,остылый,прилагательное,1,1,0,0,0,0,1,0,0.6744380241051716,температура
1529,осязание,существительное,1,1,0,0,0,0,0,0,1.4475742956403685,осязание
1530,отблеск,существительное,1,0,1,0,0,0,0,0,6.124774576629892,свет
1531,отблескивать,глагол,1,0,1,0,0,0,0,0,0.4276924055301089,свет
1538,отголосок,существительное,1,0,0,0,1,0,0,0,4.331756414984436,звучать
1539,отдушка,существительное,1,0,0,0,0,1,0,0,0.32351092213174903,запах
1540,отзвук,существительное,1,0,0,0,1,0,0,0,4.074044324472704,звучать
1548,отсвечивать,глагол,1,0,1,0,0,0,0,0,2.5113220734973063,свет
1550,отсырелый,причастие,1,1,0,0,0,0,0,0,0.4386588774667783,атмосфера
1551,отсыреть,глагол,1,1,0,0,0,0,0,0,1.6778702063104272,атмосфера
1553,оттенок,существительное,0,0,1,1,1,1,0,"вкус, аромат",30.58000699540278,цвет
1560,охладелый,прилагательное,1,1,0,0,0,0,1,0,0.1151479553350293,температура
1566,ощупывать,глагол,1,1,0,0,0,0,0,0,5.483235968334729,осязание
1567,ощупь,существительное,1,1,0,0,0,0,0,0,6.56343345409667,осязание
1579,палящий,прилагательное,1,1,0,0,0,0,1,0,2.352308230415599,атмосфера
1584,пастельный,прилагательное,1,0,1,0,0,0,1,0,0.7183039118518495,цвет
1585,паточный,прилагательное,1,0,0,1,0,0,1,0,0.12063119130336405,вкусный
1586,пахнуть,глагол,1,0,0,0,0,1,0,0,74.8681039116424,запах
1588,пахучесть,существительное,1,0,0,0,0,1,0,0,0.08224853952502094,запах
1589,пахучий,прилагательное,1,0,0,0,0,1,0,0,5.899961901928169,запах
1592,пекло,существительное,1,1,0,0,0,0,1,0,4.9897447311846035,атмосфера
1594,пение,существительное,1,0,0,0,1,0,0,0,24.751327161062967,звучать
1595,пепельно-голубой,прилагательное,1,0,1,0,0,0,0,0,0.0383826517783431,цвет
1596,пепельно-серый,прилагательное,1,0,1,0,0,0,0,0,0.36189357391009214,цвет
1606,перезвон,существительное,1,0,0,0,1,0,0,0,1.7272193300254395,звучать
1623,перламутровый,прилагательное,1,0,1,0,0,0,1,0,3.739566930404285,цвет
1625,перченый,прилагательное,1,0,0,1,0,0,0,0,0.18094678695504607,вкусный
1627,перчить,глагол,1,0,0,1,0,0,0,0,0.14256413517670294,вкусный
1629,песня,существительное,1,0,0,0,1,0,0,0,168.73013721759628,музыка
1632,петь,глагол,1,0,0,0,1,0,0,0,130.53939869814488,музыка
1644,плоский,прилагательное,0,0,1,0,1,0,0,0,32.16466219025152,размер
1646,плоскость,существительное,0,0,1,0,1,0,1,0,21.302371736980422,размер
1649,плотный,прилагательное,0,1,1,1,1,1,0,0,42.692475249454205,осязание
1653,пованивать,глагол,1,0,0,0,0,1,0,0,0.3454438660050879,вонь
1654,повеять,глагол,1,0,0,0,0,1,0,0,2.6648526806106783,запах
1661,подванивать,глагол,1,0,0,0,0,1,0,0,0.12611442727169878,вонь
1662,подголосок,существительное,1,0,0,0,1,0,0,0,0.3783432818150963,голос
1665,подмоклый,причастие,1,1,0,0,0,0,0,0,0.08224853952502094,атмосфера
1666,подмокнуть,глагол,1,1,0,0,0,0,0,0,0.3947929897201005,атмосфера
1672,покато,прилагательное,1,0,1,0,0,0,0,0,0.08224853952502094,форма
1673,покатость,существительное,1,0,1,0,0,0,0,0,0.1480473711450377,форма
1674,покатый,прилагательное,1,0,1,0,0,0,0,0,3.0651289062991136,форма
1676,полифония,существительное,1,0,0,0,1,0,0,0,1.436607823703699,музыка
1679,полутон,существительное,0,0,1,1,1,1,1,0,1.5736887229120673,цвет
1683,попахивать,глагол,1,0,0,0,0,1,0,0,2.368757938320603,вонь
1684,поперчить,глагол,1,0,0,1,0,0,0,0,0.5592900687701423,вкусный
1686,послевкусие,существительное,1,0,0,1,0,0,0,0,0.4167259335934394,вкусный
1696,пребольшой,прилагательное,1,0,1,0,0,0,0,0,0.10966471936669457,размер 
1697,превкусный,прилагательное,1,0,0,1,0,0,0,0,0.0383826517783431,вкусный
1704,предлинный,прилагательное,0,0,1,0,1,0,0,0,0.20287973082838495,размер
1707,прекислый,прилагательное,1,0,0,1,0,0,0,0,157.2372746279667,вкусный
1719,пресветлый,прилагательное,1,0,1,0,0,0,0,0,0.36737680987842686,яркость
1723,пресладкий,прилагательное,1,0,0,1,0,0,0,0,0.032899415810008374,вкусный
1724,пресный,прилагательное,1,0,0,1,0,0,0,0,9.003473460005626,вкусный
1736,привкус,существительное,1,0,0,1,0,1,0,аромат,4.786865000356219,вкусный
1741,приглубый,прилагательное,1,0,1,0,0,0,0,0,0.027416179841673643,размер
1753,пригорелый,прилагательное,1,0,0,0,0,1,0,0,0.15901384308170713,вкусный
1755,придыхание,существительное,1,0,0,0,1,0,0,0,1.5517557790387284,голос
1762,припекать,глагол,1,1,0,0,0,0,1,0,1.6065881387220757,атмосфера
1763,припечь,глагол,1,1,0,0,0,0,1,0,0.789585979440201,атмосфера
1773,приторно,наречие,0,0,0,1,0,1,0,0,0.5044577090867951,вкусный
1774,приторно-сладкий,прилагательное,0,0,0,1,0,1,0,0,0.15901384308170713,вкусный
1775,приторность,существительное,0,0,0,1,0,1,0,0,0.263195326480067,вкусный
1776,приторный,прилагательное,0,0,0,1,0,1,0,0,1.8478505213288037,вкусный
1796,прогорклый,прилагательное,0,0,0,1,0,1,0,0,0.7566865636301926,вкусный
1797,продолговатый,прилагательное,1,0,1,0,0,0,0,0,5.340671833158026,размер
1803,прозрачно-голубой,прилагательное,1,0,1,0,0,0,0,0,0.1535306071133724,цвет
1806,прозрачность,существительное,0,0,1,0,1,0,1,0,7.923275974243683,свет
1807,прозрачный,прилагательное,1,0,1,0,0,0,1,0,50.01259526718106,яркость
1816,прокислый,прилагательное,0,0,0,1,0,1,0,0,0.1315976632400335,вкусный
1822,промозглый,прилагательное,1,1,0,0,0,0,0,0,2.461972949782293,атмосфера
1823,промокнуть,глагол,1,1,0,0,0,0,0,0,7.056924691246796,атмосфера
1826,пронзительный,прилагательное,1,1,0,0,0,0,1,0,12.0466694224314,звучать
1841,простонать,глагол,1,0,0,0,1,0,1,0,3.8601981217076498,голос
1847,протухлый,прилагательное,0,0,0,1,0,1,0,0,0.17546355098671132,вонь
1848,протухший,прилагательное,0,0,0,1,0,1,0,0,0.6141224284534896,вонь
1850,протяжно,наречие,0,0,1,0,1,0,0,0,3.4379889521458753,звучать
1851,протяжность,существительное,0,0,1,0,1,0,0,0,0.054832359683347286,звучать
1852,протяжный,прилагательное,0,0,1,0,1,0,0,0,4.704616460831198,звучать
1854,прохладно,наречие,1,1,0,0,0,0,1,0,6.459251970698311,температура
1855,прохладный,прилагательное,0,1,0,0,0,1,1,0,19.27357442869657,температура
1872,пряменький,прилагательное,1,0,1,0,0,0,0,0,0.10418148339835985,форма
1873,пряменько,наречие,1,0,1,0,0,0,0,0,0.0383826517783431,форма
1881,прямой,прилагательное,1,0,1,0,0,0,0,0,134.36121416807418,форма
1883,прямоугольник,существительное,1,0,1,0,0,0,0,0,5.757397766751465,форма
1885,прямоугольный,прилагательное,1,0,1,0,0,0,0,0,7.512033276618579,форма
1886,пряно,наречие,0,0,0,1,0,1,0,0,0.31802768616341426,вкусный
1887,пряность,существительное,0,0,0,1,0,1,0,0,2.911598299185741,вкусный
1888,пряный,прилагательное,0,0,0,1,0,1,0,0,3.4325057161775403,вкусный
1897,пунцовый,прилагательное,1,0,1,0,0,0,0,0,2.4784226576872976,цвет
1898,пурпурно-красный,прилагательное,1,0,1,0,0,0,0,0,0.09321501146169038,цвет
1900,пурпурный,прилагательное,1,0,1,0,0,0,0,0,2.906115063217406,цвет
1901,пурпуровый,прилагательное,1,0,1,0,0,0,0,0,0.5044577090867951,цвет
1905,пушистый,прилагательное,1,1,0,0,0,0,0,0,12.167300613734763,осязание
1914,пятнистый,прилагательное,1,0,1,0,0,0,0,0,4.699133224862863,цвет
1924,раздаваться,глагол,1,0,0,0,1,0,1,0,21.708131198637194,звучать
1934,разить,глагол,1,0,0,0,0,1,0,0,2.1603949715238833,запах
1947,разноситься,глагол,1,0,0,0,1,0,1,0,3.0815786142041177,звучать
1950,разноцветность,существительное,1,0,1,0,0,0,0,0,0.04386588774667783,цвет
1951,разноцветный,прилагательное,1,0,1,0,0,0,0,0,20.62793371287525,цвет
1955,разящий,причастие,1,0,0,0,0,1,0,0,1.0582645418886027,вонь
1957,раскат,существительное,1,0,0,0,1,0,0,0,3.4873380758608876,звучать
1990,реветь,глагол,0,0,0,0,1,1,0,издавать запах,13.527143133881776,голос
1992,режущий,прилагательное,1,1,0,0,0,0,1,0,3.6628016268475987,осязание
1997,ржаво-коричневый,прилагательное,1,0,1,0,0,0,0,0,0.027416179841673643,цвет
1998,ржаво-красный,прилагательное,1,0,1,0,0,0,0,0,0.027416179841673643,цвет
2000,ржавый,прилагательное,1,0,1,0,0,0,0,0,15.210496576160539,цвет
2001,ржание,существительное,1,0,0,0,1,0,0,0,1.639487554532084,звучать
2002,ржать,глагол,1,0,0,0,1,0,0,0,4.529152909844486,звучать
2005,рингтон,существительное,1,0,0,0,1,0,0,0,0.12063119130336405,звучать
2014,ровный,прилагательное,0,1,1,0,1,0,0,гладкий,38.437484138026456,форма
2018,розовато-красный,прилагательное,1,0,1,0,0,0,0,0,0.0383826517783431,цвет
2019,розоватый,прилагательное,1,0,1,0,0,0,0,0,3.377673356494193,цвет
2020,розовенький,прилагательное,1,0,1,0,0,0,0,0,0.4276924055301089,цвет
2021,розово-красный,прилагательное,1,0,1,0,0,0,0,0,0.14256413517670294,цвет
2022,розово-фиолетовый,прилагательное,1,0,1,0,0,0,0,0,0.09321501146169038,цвет
2023,розоволицый,прилагательное,1,0,1,0,0,0,0,0,0.10966471936669457,цвет
2025,розовый,прилагательное,1,0,1,0,0,0,0,0,51.920761384161544,цвет
2033,рулада,существительное,1,0,0,0,1,0,0,0,0.7512033276618579,музыка
2036,рыже-красный,прилагательное,1,0,1,0,0,0,0,0,0.032899415810008374,цвет
2037,рыжевато-коричневый,прилагательное,1,0,1,0,0,0,0,0,0.032899415810008374,цвет
2038,рыжий,прилагательное,1,0,1,0,0,0,0,0,42.92825439609259,цвет
2039,рыхло,наречие,1,1,0,0,0,0,0,0,0.2412623826067281,осязание
2040,рыхлый,прилагательное,1,1,0,0,0,0,0,0,9.074755527593977,осязание
2047,сальный,прилагательное,0,1,0,0,0,1,1,0,2.3194088146055902,осязание
2055,сахаристый,прилагательное,1,0,0,1,0,0,0,0,0.23577914663839333,вкусный
2056,сахарно-белый,прилагательное,1,0,1,0,0,0,1,0,0.09321501146169038,цвет
2058,сахарный,прилагательное,1,0,0,1,0,0,0,0,12.298898276974798,вкусный
2059,свежесть,существительное,0,0,0,1,0,1,0,0,10.500396879361006,атмосфера
2060,свежий,прилагательное,0,0,0,1,0,1,0,0,78.48703965074331,атмосфера
2063,сверкание,существительное,1,0,1,0,0,0,0,0,1.1788957331919667,яркость
2065,сверкать,глагол,1,0,1,0,0,0,0,0,34.802098691020525,яркость
2066,сверкающий,прилагательное,1,0,1,0,0,0,0,0,0.0767653035566862,яркость
2068,сверхглубокий,прилагательное,0,0,1,1,1,0,0,0,0.586706248611816,размер
2070,сверхдлинный,прилагательное,0,0,1,0,1,0,0,0,0.09869824743002513,размер
2075,свет,существительное,1,0,1,0,0,0,0,0,420.0213584104086,свет
2078,светить,глагол,1,0,1,0,0,0,0,0,18.780083191546446,свет
2079,светиться,глагол,1,0,1,0,0,0,0,0,23.078940190720875,свет
2080,светленький,прилагательное,1,0,1,0,0,0,0,0,0.8060356873452051,цвет
2084,светло-бежевый,прилагательное,1,0,1,0,0,0,0,0,0.19739649486005026,цвет
2085,светло-голубой,прилагательное,1,0,1,0,0,0,0,0,0.9047339347752302,цвет
2088,светло-коричневый,прилагательное,1,0,1,0,0,0,0,0,1.3927419359570212,цвет
2089,светло-красный,прилагательное,1,0,1,0,0,0,0,0,0.09321501146169038,цвет
2090,светло-оранжевый,прилагательное,1,0,1,0,0,0,0,0,0.06031559565168203,цвет
2091,светло-розовый,прилагательное,1,0,1,0,0,0,0,0,0.3783432818150963,цвет
2092,светло-серый,прилагательное,1,0,1,0,0,0,0,0,2.12201231974554,цвет
2093,светло-синий,прилагательное,1,0,1,0,0,0,0,0,0.35641033794175736,цвет
2094,светло-фиолетовый,прилагательное,1,0,1,0,0,0,0,0,0.10966471936669457,цвет
2097,светловатый,прилагательное,1,0,1,0,0,0,0,0,0.06031559565168203,цвет
2099,светлый,прилагательное,1,0,1,0,0,0,0,0,95.21090935416424,цвет
2101,светлый-светлый,прилагательное,1,0,1,0,0,0,0,0,0.10966471936669457,цвет
2113,свинцово-серый,прилагательное,1,0,1,0,0,0,1,0,0.2686785624484017,цвет
2121,серебристо-белый,прилагательное,1,0,1,0,0,0,0,0,0.24674561857506278,цвет
2122,серебристо-голубой,прилагательное,1,0,1,0,0,0,0,0,0.1315976632400335,цвет
2126,серебристый,прилагательное,1,0,1,0,0,0,0,0,12.309864748911467,цвет
2127,серенький,прилагательное,1,0,1,0,0,0,0,0,4.923945899564586,цвет
2130,серо-белый,прилагательное,1,0,1,0,0,0,0,0,0.2577120905117323,цвет
2131,серо-голубой,прилагательное,1,0,1,0,0,0,0,0,1.21727838497031,цвет
2135,серо-розовый,прилагательное,1,0,1,0,0,0,0,0,0.08224853952502094,цвет
2137,серовато-голубой,прилагательное,1,0,1,0,0,0,0,0,0.049349123715012565,цвет
2138,сероватый,прилагательное,1,0,1,0,0,0,0,0,2.0397637802205195,цвет
2139,серый,прилагательное,1,0,1,0,0,0,0,0,105.22329823234345,цвет
2141,сиверкий,прилагательное,1,1,0,0,0,0,0,0,0.10418148339835985,температура
2143,сивый,прилагательное,1,0,1,0,0,0,0,0,2.187811151365557,цвет
2145,сизо-голубой,прилагательное,1,0,1,0,0,0,0,0,0.0383826517783431,цвет
2147,сизо-серый,прилагательное,1,0,1,0,0,0,0,0,0.027416179841673643,цвет
2152,симметрично,наречие,1,0,1,0,0,0,0,0,1.3214598683686696,форма
2153,симметричность,существительное,1,0,1,0,0,0,0,0,0.3344773940684185,форма
2154,симметричный,прилагательное,1,0,1,0,0,0,0,0,3.83826517783431,форма
2155,симметрия,существительное,1,0,1,0,0,0,0,0,7.846510670686997,форма
2156,сине-багровый,прилагательное,1,0,1,0,0,0,0,0,0.0767653035566862,цвет
2157,сине-голубой,прилагательное,1,0,1,0,0,0,0,0,0.25222885454339755,цвет
2159,сине-серый,прилагательное,1,0,1,0,0,0,0,0,0.12063119130336405,цвет
2160,сине-фиолетовый,прилагательное,1,0,1,0,0,0,0,0,0.2302959106700586,цвет
2163,синевато-красный,прилагательное,1,0,1,0,0,0,0,0,0.027416179841673643,цвет
2165,синеватый,прилагательное,1,0,1,0,0,0,0,0,3.887614301549323,цвет
2167,синенький,прилагательное,1,0,1,0,0,0,0,0,1.842367285360469,цвет
2168,синий,прилагательное,1,0,1,0,0,0,0,0,81.48088648945406,цвет
2170,синий-пресиний,прилагательное,1,0,1,0,0,0,0,0,0.10418148339835985,цвет
2171,синий-синий,прилагательное,1,0,1,0,0,0,0,0,0.7237871478201843,цвет
2174,сирена,существительное,1,0,0,0,1,0,0,0,7.37495237741021,звучать
2175,сиреневатый,прилагательное,1,0,1,0,0,0,0,0,0.10966471936669457,цвет
2176,сиренево-розовый,прилагательное,1,0,1,0,0,0,0,0,0.08773177549335566,цвет
2177,сиренево-синий,прилагательное,1,0,1,0,0,0,0,0,0.0383826517783431,цвет
2178,сиренево-фиолетовый,прилагательное,1,0,1,0,0,0,0,0,0.054832359683347286,цвет
2179,сиреневый,прилагательное,1,0,1,0,0,0,1,0,6.908877320101758,цвет
2185,склизкий,прилагательное,1,1,0,0,0,0,0,0,1.2392113288436488,осязание
2186,склизко,наречие,1,1,0,0,0,0,0,0,0.1151479553350293,осязание
2193,скус,существительное,1,0,0,1,0,0,0,0,0.049349123715012565,вкусный
2194,скусный,прилагательное,1,0,0,1,0,0,0,0,0.06579883162001675,вкусный
2198,слабокислый,прилагательное,1,0,0,1,0,0,0,0,0.1535306071133724,вкусный
2201,сладенький,прилагательное,0,0,0,1,0,1,0,0,1.0363315980152636,вкусный
2202,сладенько,наречие,0,0,0,1,0,1,0,0,0.10418148339835985,вкусный
2204,сладкий,прилагательное,0,0,0,1,0,1,0,0,32.34012574123823,вкусный
2205,сладкий-пресладкий,прилагательное,0,0,0,1,0,1,0,0,0.049349123715012565,вкусный
2206,сладкий-сладкий,прилагательное,0,0,0,1,0,1,0,0,0.0383826517783431,вкусный
2207,сладко,наречие,0,0,0,1,0,1,0,0,12.425012704246496,вкусный
2209,сладковатый,прилагательное,0,0,0,1,0,1,0,0,2.4126238260672808,вкусный
2211,сладкое,существительное,1,0,0,1,0,0,0,0,9.92465710268586,вкусный
2214,сладость,существительное,0,0,0,1,0,1,0,0,8.411283975425475,вкусный
2215,сласть,существительное,1,0,0,1,0,0,0,0,1.4475742956403685,вкусный
2216,слепить,глагол,1,0,1,0,0,0,1,0,10.368799216120971,яркость
2221,слизистый,прилагательное,1,1,0,0,0,0,1,0,3.8821310655809884,вещество
2222,слизкий,прилагательное,1,1,0,0,0,0,0,0,0.08224853952502094,осязание
2224,слоноподобный,прилагательное,1,0,1,0,0,0,0,0,0.08224853952502094,размер 
2234,смак,существительное,1,0,0,1,0,0,0,0,1.2885604525586614,вкусный
2235,смакование,существительное,1,0,0,1,0,0,0,0,0.4276924055301089,вкусный
2239,смачный,прилагательное,1,0,0,1,0,0,0,0,0.8005524513768705,вкусный
2243,смердеть,глагол,1,0,0,0,0,1,0,0,1.5736887229120673,вонь
2256,смрад,существительное,1,0,0,0,0,1,0,старый,2.407140590098946,вонь
2257,смрадный,прилагательное,1,0,0,0,0,1,0,0,1.4420910596720338,вонь
2260,снежно-белый,прилагательное,1,0,1,0,0,0,1,0,0.4770415292451214,цвет
2263,согнутый,прилагательное,1,0,1,0,0,0,0,0,5.883512194023164,форма
2276,солить,глагол,1,0,0,1,0,0,0,0,2.2371602750805692,вкусный
2281,солоноватый,прилагательное,1,0,0,1,0,0,0,0,1.069231013825272,вкусный
2282,соль,существительное,1,0,0,1,0,0,0,0,50.32513971737614,вкусный
2288,сопрано,существительное,1,0,0,0,1,0,0,0,1.6559372624370883,музыка
2296,сохлый,прилагательное,1,1,0,0,0,0,0,0,0.9485998225219081,атмосфера
2297,сочно,наречие,0,1,0,1,0,1,0,0,1.0253651260785943,вкусный
2298,сочность,существительное,0,1,0,1,0,1,0,0,0.5647733047384771,вкусный
2299,сочный,прилагательное,0,1,0,1,0,1,0,0,10.143986541419249,вкусный
2303,стенание,существительное,1,0,0,0,1,0,0,0,1.4037084078936906,голос
2306,стон,существительное,1,0,0,0,1,0,0,0,15.183080396318864,голос
2308,стонущий,причастие,1,0,0,0,1,0,0,0,0.054832359683347286,голос
2314,стылый,прилагательное,1,1,0,0,0,0,0,0,2.675819152547348,температура
2324,сухо,наречие,1,1,0,0,0,0,1,0,14.95826772161714,атмосфера
2325,суховатый,прилагательное,1,1,0,0,0,0,0,0,1.639487554532084,атмосфера
2330,сухость,существительное,1,1,0,0,0,0,0,0,2.993846838710762,атмосфера
2341,сыреть,глагол,1,1,0,0,0,0,0,0,0.2248126747017239,атмосфера
2342,сыро,наречие,0,1,1,1,0,1,0,0,4.194675515776067,атмосфера
2343,сырой,прилагательное,0,1,1,1,0,1,0,0,29.412077734147488,атмосфера
2344,сырость,существительное,0,1,1,1,0,1,0,0,9.140554359213994,атмосфера
2345,сытный,прилагательное,1,0,0,1,0,0,0,0,3.739566930404285,вкусный
2346,сытость,существительное,1,0,0,1,0,0,0,0,2.429073533972285,вкусный
2350,тактильность,существительное,1,1,0,0,0,0,0,0,0.04386588774667783,осязание
2351,такусенький,прилагательное,1,0,1,0,0,0,0,0,0.12611442727169878,размер
2357,тверденький,прилагательное,1,1,0,0,0,0,0,0,0.06031559565168203,осязание
2367,тембр,существительное,1,0,0,0,1,0,0,0,3.119961265982461,музыка
2369,темнеть,глагол,1,0,1,0,0,0,0,0,15.835585476550698,свет
2370,темно,наречие,1,0,1,0,0,0,0,0,20.841779915640306,свет
2373,темно-золотой,прилагательное,1,0,1,0,0,0,0,0,0.09869824743002513,цвет
2383,темноватый,прилагательное,1,0,1,0,0,0,0,0,1.8862331731071467,свет
2384,темнота,существительное,1,0,1,0,0,0,0,0,72.61449392865681,свет
2385,темный,прилагательное,1,0,1,0,0,0,1,0,0.09321501146169038,свет
2387,тепло,наречие,1,1,0,0,0,0,0,0,86.7118936032454,температура
2388,тепловатый,прилагательное,1,1,0,0,0,0,0,0,0.5812230126434813,температура
2389,теплый,прилагательное,1,1,0,0,0,0,0,0,0.09869824743002513,температура
2390,теплынь,существительное,1,1,0,0,0,0,0,0,1.1240633735086196,температура
2391,терпкий,прилагательное,0,0,0,1,0,1,0,0,3.103511558077457,вкусный
2392,терпко,наречие,0,0,0,1,0,1,0,0,0.3070612142267448,вкусный
2393,терпкость,существительное,0,0,0,1,0,1,0,0,0.27964503438507116,вкусный
2399,тесный,прилагательное,1,0,1,0,0,0,0,0,39.961823737223504,форма
2401,тлетворный,прилагательное,1,0,0,0,0,1,0,0,0.9979489462369208,вонь
2409,тональность,существительное,1,0,0,0,1,0,0,0,6.234439295996586,музыка
2420,трезвон,существительное,1,0,0,0,1,0,0,0,0.6908877320101758,музыка
2421,трезвучие,существительное,1,0,0,0,1,0,0,0,0.31254445019507954,музыка
2422,тремоло,существительное,1,0,0,0,1,0,0,0,0.20287973082838495,музыка
2423,треугольник,существительное,1,0,1,0,0,0,0,0,14.552508259960371,форма
2425,треугольный,прилагательное,1,0,1,0,0,0,0,0,6.579883162001675,форма
2429,трогание,существительное,1,1,0,0,0,0,0,0,0.3728600458467615,осязание
2430,трубить,глагол,1,0,0,0,1,0,0,0,3.7889160541192974,музыка
2440,тугой,прилагательное,0,1,0,0,1,1,0,0,14.634756799485391,вещество
2450,тупой,прилагательное,1,1,0,0,0,0,1,0,22.070024772547285,осязание
2452,тупой-тупой,прилагательное,1,1,0,0,0,0,1,0,0.04386588774667783,осязание
2453,тупоконечный,прилагательное,0,1,1,0,0,0,0,0,0.04386588774667783,форма
2456,тускло,наречие,1,0,1,0,0,0,0,0,5.927378081769842,свет
2459,тускло-коричневый,прилагательное,1,0,1,0,0,0,0,0,0.0383826517783431,цвет
2460,тускло-серый,прилагательное,1,0,1,0,0,0,0,0,0.08773177549335566,цвет
2461,тускловатый,прилагательное,1,0,1,0,0,0,0,0,0.32899415810008376,свет
2462,тусклый,прилагательное,1,0,1,0,0,0,0,0,15.51207455441895,свет
2463,тухлый,прилагательное,0,0,0,1,0,1,0,0,2.363274702352268,вонь
2464,тухлятинка,существительное,0,0,0,1,0,1,0,0,0.032899415810008374,вонь
2469,тягучесть,существительное,0,1,0,1,1,1,0,0,0.1315976632400335,вещество
2470,тягучий,прилагательное,0,1,0,1,1,1,0,0,4.792348236324553,вещество
2507,узенький,прилагательное,1,0,1,0,0,0,0,0,6.245405767933256,форма
2511,узкий,прилагательное,1,0,1,0,0,0,0,0,90.391144937998,форма
2513,узкий-узкий,прилагательное,1,0,1,0,0,0,0,0,0.06031559565168203,форма
2514,узко,наречие,1,0,1,0,0,0,0,0,1.8917164090754817,форма
2517,узковато,наречие,1,0,1,0,0,0,0,0,0.06031559565168203,форма
2519,узковатый,прилагательное,1,0,1,0,0,0,0,0,0.383826517783431,форма
2534,ультрамариновый,прилагательное,1,0,1,0,0,0,1,0,0.3070612142267448,цвет
2535,ультрамягкий,прилагательное,0,1,1,1,1,1,0,0,0.04386588774667783,осязание
2538,унисон,существительное,1,0,0,0,1,0,0,0,2.001381128442176,музыка
2576,фиалковый,прилагательное,0,0,1,0,0,1,1,0,0.5702565407068118,цвет
2577,фимиам,существительное,1,0,0,0,0,1,0,0,0.7292703837885189,запах
2578,фиолетовый,прилагательное,1,0,1,0,0,0,0,0,12.600476255233207,цвет
2581,фисташковый,прилагательное,0,0,1,1,0,1,1,0,0.6031559565168202,цвет
2589,форма,существительное,1,0,1,0,0,0,0,0,356.8983459429392,форма
2595,хаки,прилагательное,1,0,1,0,0,0,0,0,1.1185801375402846,цвет
2598,хладно,наречие,1,1,0,0,0,0,0,0,0.054832359683347286,температура
2599,хладный,прилагательное,1,1,0,0,0,0,0,0,0.7018542039468453,температура
2600,хлипкий,прилагательное,0,1,1,0,0,0,0,0,2.7196850402940256,форма
2601,хлипко,наречие,0,1,1,0,0,0,0,0,0.032899415810008374,форма
2602,хлипкость,существительное,0,1,1,0,0,0,0,0,0.06031559565168203,форма
2605,хлюпкий,прилагательное,0,1,1,0,0,0,0,0,0.054832359683347286,форма
2608,холод,существительное,1,1,0,0,0,0,0,0,48.647269511065716,температура
2610,холодить,глагол,1,1,0,0,0,0,0,0,1.9958978924738415,температура
2611,холодненький,прилагательное,1,1,0,0,0,0,0,0,0.4496253494034478,температура
2619,холодно,наречие,1,1,0,0,0,0,0,0,37.80691200166795,температура
2621,холодный,прилагательное,1,1,0,0,0,0,0,0,103.45221301457133,температура
2627,хрупкий,прилагательное,0,1,1,0,1,0,0,0,17.337992131874415,осязание
2631,хрупкость,существительное,0,1,1,0,1,0,0,0,2.012347600378846,осязание
2632,хрусткий,прилагательное,1,1,0,0,0,0,0,0,0.8553848110602178,осязание
2652,цвет,существительное,1,0,1,0,0,0,0,0,169.11944697134805,цвет
2654,цветастый,прилагательное,1,0,1,0,0,0,0,0,3.7779495821826283,цвет
2657,цветной,прилагательное,1,0,1,0,0,0,0,0,42.177051068430735,цвет
2664,червонный,прилагательное,1,0,1,0,0,0,0,0,1.1624460252869626,цвет
2669,черно-серый,прилагательное,1,0,1,0,0,0,0,0,0.2960947422900754,цвет
2672,черноватый,прилагательное,1,0,1,0,0,0,0,0,0.35641033794175736,цвет
2679,черным-черно,наречие,1,0,1,0,0,0,0,0,0.13708089920836825,цвет
2700,чуточный,прилагательное,1,0,1,0,0,0,0,0,0.032899415810008374,размер
2709,шаровидный,прилагательное,1,0,1,0,0,0,0,0,0.8882842268702261,форма
2710,шаровой,прилагательное,1,0,1,0,0,0,0,0,3.64086868297426,форма
2712,шарообразный,прилагательное,1,0,1,0,0,0,0,0,1.1185801375402846,форма
2717,шафранный,прилагательное,1,0,1,0,0,0,1,0,0.2083629667967197,цвет
2718,шафрановый,прилагательное,1,0,1,0,0,0,1,0,0.27964503438507116,цвет
2721,шелковистость,существительное,1,1,0,0,0,0,0,0,0.15901384308170713,осязание
2722,шелковистый,прилагательное,1,1,0,0,0,0,0,0,2.264576454922243,осязание
2726,шероховатость,существительное,1,1,0,0,0,0,0,0,1.535306071133724,осязание
2727,шероховатый,прилагательное,1,1,0,0,0,0,0,0,1.5298228351653893,осязание
2729,шершавость,существительное,1,1,0,0,0,0,0,0,0.20287973082838495,осязание
2730,шершавый,прилагательное,1,1,0,0,0,0,0,боль,6.996609095595114,осязание
2731,шибать,глагол,1,0,0,0,0,1,1,0,0.6196056644218244,запах
2738,широкий,прилагательное,1,0,1,0,0,0,0,0,196.62335858851506,размер
2741,широко,наречие,1,0,1,0,0,0,0,0,65.65626748484004,размер
2743,широко-широко,наречие,1,0,1,0,0,0,0,0,0.054832359683347286,размер
2751,широченный,прилагательное,1,0,1,0,0,0,0,0,2.9225647711224108,размер
2756,шоколадно-коричневый,прилагательное,1,0,1,0,0,0,1,0,0.0383826517783431,цвет
2762,шум,существительное,1,0,0,0,1,0,0,0,72.59256098478347,звучать
2763,шуметь,глагол,1,0,0,0,1,0,0,0,25.875390534571586,звучать
2772,щупать,глагол,1,1,0,0,0,0,0,0,4.106943740282712,осязание
2778,эбонитовый,прилагательное,1,0,1,0,0,0,1,0,0.3728600458467615,цвет
2784,эхо,существительное,1,0,0,0,1,0,0,0,16.065881387220756,звучать
2787,ядовито-красный,прилагательное,1,0,1,0,0,0,0,0,0.06579883162001675,цвет
2788,ядовито-оранжевый,прилагательное,1,0,1,0,0,0,0,0,0.0383826517783431,цвет
2789,ядовито-розовый,прилагательное,1,0,1,0,0,0,0,0,0.054832359683347286,цвет
2790,ядовито-синий,прилагательное,1,0,1,0,0,0,0,0,0.0383826517783431,цвет
2794,яркий,прилагательное,0,0,1,1,1,1,0,0,106.04578362759366,яркость
2795,ярко,наречие,0,0,1,1,1,1,0,0,30.94738380528121,яркость
2796,ярко-белый,прилагательное,1,0,1,0,0,0,0,0,0.586706248611816,цвет
2797,ярко-голубой,прилагательное,1,0,1,0,0,0,0,0,0.8224853952502094,цвет
2800,ярко-золотой,прилагательное,1,0,1,0,0,0,0,0,0.04386588774667783,цвет
2801,ярко-красный,прилагательное,1,0,1,0,0,0,0,0,3.8711645936443184,цвет
2803,ярко-оранжевый,прилагательное,1,0,1,0,0,0,0,0,0.7237871478201843,цвет
2804,ярко-розовый,прилагательное,1,0,1,0,0,0,0,0,0.6579883162001675,цвет
2805,ярко-синий,прилагательное,1,0,1,0,0,0,0,0,1.5188563632287198,цвет
2806,ярко-фиолетовый,прилагательное,1,0,1,0,0,0,0,0,0.07128206758835147,цвет
2808,яркость,существительное,0,0,1,1,1,1,1,0,7.764262131161977,яркость
