,Слово,Часть речи,Сенсорная эксклюзивность,Осязание,Зрение,Вкус,Слух,Запах,Устойчивая метафоричность,Дополнительно,pre1950,Семантическая когорта
3,агатовый,прилагательное,1,0,1,0,0,0,1,0,0.4595317154586302,цвет
7,алебастровый,прилагательное,1,0,1,0,0,0,1,0,0.7832926968044832,цвет
9,алый,прилагательное,1,0,1,0,0,0,0,0,9.754605050871831,цвет
10,амбре,существительное,1,0,0,0,0,1,0,0,0.05221951312029889,запах
11,аметистовый,прилагательное,1,0,1,0,0,0,0,0,0.32376098134585307,цвет
15,аппетит,существительное,1,0,0,1,0,0,0,0,15.906063696443042,вкусный
17,аппетитный,прилагательное,0,0,1,1,0,0,0,0,1.075721970278157,вкусный
19,аромат,существительное,0,0,0,1,0,1,0,0,17.107112498209915,запах
25,ароматный,прилагательное,0,0,0,1,0,1,0,0,4.375995199481046,запах
27,аршинный,прилагательное,1,0,1,0,0,0,1,0,1.3054878280074722,размер 
30,асимметричный,прилагательное,1,0,1,0,0,0,0,0,0.375980494466152,форма
31,асимметрия,существительное,1,0,1,0,0,0,0,0,0.34464878659397263,форма
35,аспидный,прилагательное,1,0,1,0,0,0,0,0,0.7310731836841844,цвет
40,атласный,прилагательное,1,1,0,0,0,0,0,0,5.6188196117441604,осязание
48,аховый,прилагательное,1,0,1,0,0,0,1,0,0.7101853784360649,размер 
49,ахроматический,прилагательное,1,0,1,0,0,0,0,0,0.093995123616538,цвет
53,багрово-красный,прилагательное,1,0,1,0,0,0,0,0,0.5221951312029889,цвет
54,багрово-синий,прилагательное,1,0,1,0,0,0,0,0,0.08355122099247822,цвет
55,багровый,прилагательное,1,0,1,0,0,0,0,0,15.93739540431522,цвет
56,багряный,прилагательное,1,0,1,0,0,0,0,0,2.569200045518705,цвет
59,бархатистость,существительное,0,1,1,1,1,1,0,0,0.06266341574435866,осязание
60,бархатистый,прилагательное,0,1,1,1,1,1,0,0,1.1070536781503364,осязание
61,бас,существительное,1,0,0,0,1,0,0,0,24.459619945548,музыка
63,беж,существительное,1,0,1,0,0,0,0,0,0.14621463673683688,цвет
65,бежевый,прилагательное,1,0,1,0,0,0,0,0,0.24020976035337488,цвет
69,безвкусный,прилагательное,0,0,1,1,0,0,1,0,3.707585431541221,вкусный
74,безмерно,наречие,1,0,1,0,0,0,0,глубокий,5.514380585503562,размер 
76,безмерный,прилагательное,1,0,1,0,0,0,0,глубокий,6.537883042661421,размер 
84,беленький,прилагательное,1,0,1,0,0,0,0,0,7.822483065420773,цвет
86,белесый,прилагательное,1,0,1,0,0,0,0,0,5.5457122933757415,цвет
87,бело-голубой,прилагательное,1,0,1,0,0,0,0,0,0.20887805248119556,цвет
89,бело-красный,прилагательное,1,0,1,0,0,0,0,0,0.17754634460901622,цвет
90,бело-розовый,прилагательное,1,0,1,0,0,0,0,0,0.7728487941804235,цвет
96,белоснежный,прилагательное,1,0,1,0,0,0,0,0,8.094024533646326,цвет
98,белый,прилагательное,1,0,1,0,0,0,0,0,407.4479730724441,цвет
99,белый-белый,прилагательное,1,0,1,0,0,0,0,0,0.5117512285789291,цвет
106,бессолнечный,прилагательное,1,0,1,0,0,0,1,0,0.29242927347367376,свет
110,бесцветный,прилагательное,1,0,1,0,0,0,0,0,8.490892833360599,цвет
115,бит,существительное,1,0,0,0,1,0,1,0,0.10443902624059778,музыка
118,благовоние,существительное,1,0,0,0,0,1,0,0,1.3368195358796515,запах
119,благовонный,прилагательное,1,0,0,0,0,1,0,0,1.4203707568721298,запах
120,благозвучие,существительное,1,0,0,0,1,0,0,0,0.3133170787217933,музыка
127,благоухание,существительное,1,0,0,0,0,1,0,0,3.843356165653998,запах
129,благоуханный,прилагательное,1,0,0,0,0,1,0,0,2.3812097982856293,запах
130,благоухать,глагол,1,0,0,0,0,1,0,0,5.6188196117441604,запах
135,блакитный,прилагательное,1,0,1,0,0,0,0,0,0.06266341574435866,цвет
138,бледно-голубой,прилагательное,1,0,1,0,0,0,0,0,1.6710244198495645,цвет
140,бледно-коричневый,прилагательное,1,0,1,0,0,0,0,0,0.06266341574435866,цвет
141,бледно-розовый,прилагательное,1,0,1,0,0,0,0,0,1.4725902699924285,цвет
142,бледно-синий,прилагательное,1,0,1,0,0,0,0,0,0.39686829971427157,цвет
154,блеск,существительное,1,0,1,0,0,0,0,0,52.115074094058286,яркость
155,блестеть,глагол,1,0,1,0,0,0,0,0,47.75996669982536,яркость
158,блестящий,прилагательное,1,0,1,0,0,0,0,0,87.82277716571866,яркость
159,блик,существительное,1,0,1,0,0,0,0,0,4.114897633879552,яркость
172,большой,прилагательное,1,0,1,0,0,0,0,0,1308.2867939107202,размер 
173,большой-большой,прилагательное,1,0,1,0,0,0,0,0,0.24020976035337488,размер 
174,большой-пребольшой,прилагательное,1,0,1,0,0,0,0,0,0.11488292886465755,размер 
175,большущий,прилагательное,1,0,1,0,0,0,0,0,2.5900878507668246,размер 
177,бордовый,прилагательное,1,0,1,0,0,0,0,0,0.375980494466152,цвет
183,броский,прилагательное,1,0,1,0,0,0,0,0,0.32376098134585307,яркость
184,броско,наречие,1,0,1,0,0,0,0,0,0.05221951312029889,яркость
194,бунчить,глагол,1,0,0,0,1,0,0,0,0.05221951312029889,голос
195,бурдон,существительное,1,0,0,0,1,0,0,0,0.093995123616538,музыка
198,буро-красный,прилагательное,1,0,1,0,0,0,0,0,0.3655365918420922,цвет
199,буро-серый,прилагательное,1,0,1,0,0,0,0,0,0.15665853936089666,цвет
202,бурый,прилагательное,1,0,1,0,0,0,0,0,12.553570954119852,цвет
205,васильковый,прилагательное,1,0,1,0,0,0,1,0,1.033946359781918,цвет
209,великанский,прилагательное,1,0,1,0,0,0,0,0,0.14621463673683688,размер 
212,великоватый,прилагательное,1,0,1,0,0,0,0,0,0.20887805248119556,размер 
227,веять,глагол,1,0,0,0,0,1,1,0,17.096668595585854,запах
256,вкус,существительное,1,0,0,1,0,0,1,0,62.63208403648649,вкусный
258,вкусить,глагол,1,0,0,1,0,0,0,0,3.853800068278058,вкусный
260,вкусненький,прилагательное,1,0,0,1,0,0,0,0,0.14621463673683688,вкусный
261,вкусно,наречие,1,0,0,1,0,0,0,0,7.091409881736588,вкусный
265,вкусный,прилагательное,1,0,0,1,0,0,0,0,19.7076442516008,вкусный
269,вкусовой,прилагательное,1,0,0,1,0,0,0,0,1.5352536857367873,вкусный
270,вкушение,существительное,1,0,0,1,0,0,0,0,0.6475219626917061,вкусный
271,влага,существительное,1,1,0,0,0,0,0,0,13.242868527307797,осязание
272,влажность,существительное,1,1,0,0,0,0,0,0,2.32899028516533,атмосфера
273,влажный,прилагательное,1,1,0,0,0,0,0,0,24.898263855758508,атмосфера
278,воблый,прилагательное,0,1,1,0,0,0,0,0,0.10443902624059778,форма
279,возглас,существительное,1,0,0,0,1,0,0,0,22.141073563006728,голос
283,волглый,прилагательное,1,1,0,0,0,0,0,0,0.281985370849614,атмосфера
286,вонища,существительное,1,0,0,0,0,1,0,0,0.2715414682255542,вонь
288,вонь,существительное,1,0,0,0,0,1,0,0,5.503936682879503,вонь
289,вонький,прилагательное,1,0,0,0,0,1,0,0,0.15665853936089666,вонь
291,вонючий,прилагательное,1,0,0,0,0,1,0,0,8.261126975631283,вонь
292,вонючка,существительное,1,0,0,0,0,1,0,0,0.10443902624059778,вонь
306,востренький,прилагательное,1,1,0,0,0,0,0,0,0.32376098134585307,осязание
307,вострый,прилагательное,1,1,0,0,0,0,0,0,3.185390300338232,осязание
313,вскрик,существительное,1,0,0,0,1,0,0,0,3.007843955729216,голос
314,вскрикивать,глагол,1,0,0,0,1,0,0,0,8.42822941761624,голос
316,вскрикнуть,глагол,1,0,0,0,1,0,0,0,22.652824791585655,голос
319,всплеск,существительное,1,0,0,0,1,0,0,0,4.250668367992329,звучать
321,втора,существительное,1,0,0,0,1,0,0,0,1.1906048991428146,музыка
333,выкрик,существительное,1,0,0,0,1,0,0,0,7.707600136556116,голос
334,выкрикивать,глагол,1,0,0,0,1,0,0,0,12.511795343623614,голос
337,выкрикнуть,глагол,1,0,0,0,1,0,0,0,7.853814773292951,голос
343,вымокнуть,глагол,1,1,0,0,0,0,0,0,1.733687835593923,атмосфера
346,выпукло,наречие,0,1,1,0,0,0,0,0,1.5352536857367873,форма
347,выпуклость,существительное,0,1,1,0,0,0,0,0,2.6005317533908845,форма
348,выпуклый,прилагательное,0,1,1,0,0,0,0,0,11.498736789089815,форма
358,высокий,прилагательное,0,0,1,0,1,0,0,0,543.1978193799731,размер
362,высоченный,прилагательное,0,0,1,0,1,0,0,0,1.1906048991428146,размер
368,вытянутый,прилагательное,1,0,1,0,0,0,0,0,10.27680018207482,размер
370,вяжущий,причастие,0,1,0,1,0,0,0,0,0.5535268390751682,вкусный
371,вязкий,прилагательное,0,1,0,1,0,0,0,0,3.383824450195368,вещество
372,вязко,наречие,0,1,0,1,0,0,0,0,0.26109756560149444,вещество
373,вязкость,существительное,0,1,0,1,0,0,0,0,0.4490878128345704,вещество
377,габаритный,прилагательное,0,1,1,0,0,0,0,0,0.06266341574435866,размер 
385,гам,существительное,1,0,0,0,1,0,0,0,5.2846147277742475,звучать
386,гамма,существительное,1,0,0,0,1,0,0,0,4.5430976414660025,музыка
388,гвалт,существительное,1,0,0,0,1,0,0,0,3.185390300338232,звучать
397,гигантский,прилагательное,1,0,1,0,0,0,0,0,26.736390717593032,размер 
401,гладенький,прилагательное,1,1,1,0,0,0,0,0,0.6057463521954671,осязание
402,гладкий,прилагательное,1,1,1,0,0,0,1,0,24.37606872455552,осязание
403,гладко,наречие,1,1,1,0,0,0,1,0,14.590131965811509,осязание
409,глас,существительное,1,0,0,0,1,0,0,0,5.733702540608818,звучать
417,глиссандо,существительное,1,0,0,0,1,0,0,0,0.06266341574435866,музыка
425,глубина,существительное,0,0,1,1,1,0,0,0,133.6401779774689,размер
427,глубокий-глубокий,прилагательное,0,0,1,1,1,0,0,0,0.20887805248119556,размер
429,глубоко,наречие,0,0,1,1,1,0,0,0,95.4990455944026,размер
430,глубоко-глубоко,наречие,0,0,1,1,1,0,0,0,0.5013073259548693,размер
455,гнедой,прилагательное,1,0,1,0,0,0,0,0,5.096624480541172,цвет
456,гнилостный,прилагательное,1,0,0,0,0,1,0,0,0.5953024495714073,вонь
461,голос,существительное,1,0,0,0,1,0,0,0,603.281591176189,голос
462,голубенький,прилагательное,1,0,1,0,0,0,0,0,1.8799024723307598,цвет
463,голубовато-серый,прилагательное,1,0,1,0,0,0,0,0,0.6788536705638856,цвет
465,голубоватый,прилагательное,1,0,1,0,0,0,0,0,6.652765971526078,цвет
466,голубой,прилагательное,1,0,1,0,0,0,0,0,93.56692360895154,цвет
468,гомон,существительное,1,0,0,0,1,0,0,0,3.791136652533699,звучать
470,горечь,существительное,1,0,0,1,0,0,1,0,21.702429652796216,вкусный
475,горчинка,существительное,1,0,0,1,0,0,0,0,0.07310731836841844,вкусный
476,горчить,глагол,1,0,0,1,0,0,0,0,0.21932195510525532,вкусный
477,горький,прилагательное,0,0,0,1,0,1,1,0,119.2067045510183,вкусный
480,горько,наречие,0,0,0,1,0,1,1,0,25.20113703185624,вкусный
484,горьковатый,прилагательное,0,0,0,1,0,1,0,0,1.3785951463758905,вкусный
494,горяченький,прилагательное,1,1,0,0,0,0,0,0,0.7624048915563637,температура
495,горячий,прилагательное,1,1,0,0,0,0,1,0,110.94557757538702,температура
496,горячо,наречие,1,1,0,0,0,0,1,0,43.540630039705206,температура
497,гранатовый,прилагательное,1,0,1,0,0,0,1,0,1.3681512437518308,цвет
504,громадный,прилагательное,1,0,1,0,0,0,0,0,115.18580204075528,размер 
505,громкость,существительное,1,0,0,0,1,0,0,0,1.5248097831127274,звучать
509,громыхание,существительное,1,0,0,0,1,0,0,0,0.5744146443232877,звучать
510,громыхать,глагол,1,0,0,0,1,0,0,0,5.096624480541172,звучать
512,грохотать,глагол,1,0,0,0,1,0,0,0,8.501336735984658,звучать
520,грязно-белый,прилагательное,1,0,1,0,0,0,0,0,0.375980494466152,цвет
523,грязно-серый,прилагательное,1,0,1,0,0,0,0,0,0.5535268390751682,цвет
526,гул,существительное,1,0,0,0,1,0,0,0,30.924395669840997,звучать
527,гулкий,прилагательное,1,0,0,0,1,0,0,0,8.177575754638806,звучать
528,гулко,наречие,1,0,0,0,1,0,0,0,8.344678196623763,звучать
529,гулкость,существительное,1,0,0,0,1,0,0,0,0.05221951312029889,звучать
531,гунявый,прилагательное,1,0,0,0,0,1,0,0,0.6475219626917061,вонь
535,густо-красный,прилагательное,1,0,1,0,0,0,0,0,0.12532683148871732,цвет
536,густо-синий,прилагательное,1,0,1,0,0,0,0,0,0.375980494466152,цвет
544,двуострый,прилагательное,0,1,1,0,0,0,0,0,0.06266341574435866,осязание
546,деликатесный,прилагательное,1,0,0,1,0,0,0,0,0.06266341574435866,вкусный
556,десертный,прилагательное,0,0,0,1,0,1,1,0,0.2297658577293151,вкусный
561,диссонанс,существительное,1,0,0,0,1,0,1,0,2.6214195586390043,музыка
566,длинненький,прилагательное,0,0,1,0,1,0,0,0,0.2297658577293151,размер
567,длинно,наречие,0,0,1,0,1,0,0,0,3.989570802390835,размер
571,длинноватый,прилагательное,0,0,1,0,1,0,0,0,0.29242927347367376,размер
572,длиннущий,прилагательное,0,0,1,0,1,0,0,0,0.07310731836841844,размер
573,длинный,прилагательное,0,0,1,0,1,0,0,0,234.05830170780368,размер
574,длинный-длинный,прилагательное,0,0,1,0,1,0,0,0,0.6475219626917061,размер
575,длинный-предлинный,прилагательное,0,0,1,0,1,0,0,0,0.25065366297743463,размер
576,длиннющий,прилагательное,0,0,1,0,1,0,0,0,0.24020976035337488,размер
589,доноситься,глагол,1,0,0,0,1,0,1,0,31.35259567742745,звучать
604,духан,существительное,1,0,0,0,0,1,0,0,1.2010488017668743,вонь
607,духмяный,прилагательное,1,0,0,0,0,1,0,0,0.10443902624059778,запах
609,духовитый,прилагательное,1,0,0,0,0,1,0,0,0.6892975731879453,запах
610,духота,существительное,1,1,0,0,0,0,0,0,8.094024533646326,атмосфера
611,душисто,наречие,1,0,0,0,0,1,0,0,0.29242927347367376,запах
613,душистый,прилагательное,1,0,0,0,0,1,0,0,13.56662950865365,запах
614,душок,существительное,1,0,0,0,0,1,0,0,1.2010488017668743,вонь
615,дымчато-серый,прилагательное,1,0,1,0,0,0,0,0,0.11488292886465755,цвет
617,дымчатый,прилагательное,1,0,1,0,0,0,0,0,3.3316049370750687,цвет
618,дюжий,прилагательное,1,0,1,0,0,0,0,0,3.4256000606916066,размер 
619,едкий,прилагательное,0,1,0,1,0,1,1,0,10.955653852638706,вонь
620,едко,наречие,0,1,0,1,0,1,1,0,2.109668330060075,вонь
621,едкость,существительное,0,1,0,1,0,1,1,0,0.4490878128345704,вонь
622,елевый,прилагательное,0,0,1,0,0,1,1,0,0.07310731836841844,цвет
624,жар,существительное,1,1,0,0,0,0,1,0,24.82515653739009,атмосфера
625,жара,существительное,1,1,0,0,0,0,1,0,38.245571409306905,атмосфера
626,жареный,прилагательное,0,1,0,1,0,1,0,0,10.34990750044324,вкусный
628,жарища,существительное,1,1,0,0,0,0,0,0,0.4490878128345704,атмосфера
629,жаркий,прилагательное,1,1,0,0,0,0,1,0,26.736390717593032,атмосфера
630,жарко,наречие,1,1,0,0,0,0,0,0,32.156776179480055,атмосфера
634,жарынь,существительное,1,1,0,0,0,0,0,0,0.19843414985713578,атмосфера
636,жгучесть,существительное,0,1,0,1,0,1,0,горячий,0.35509268921803244,осязание
637,жгучий,прилагательное,0,1,0,1,0,1,0,горячий,16.250712483037013,осязание
652,жирненький,прилагательное,0,1,1,0,0,0,0,0,0.24020976035337488,вкусный
673,загрубелый,прилагательное,1,1,0,0,0,0,0,0,0.34464878659397263,осязание
677,закаменелый,прилагательное,1,1,0,0,0,0,1,0,0.10443902624059778,осязание
678,закиснуть,глагол,1,0,0,1,0,0,1,0,0.5430829364511084,вкусный
680,закругление,существительное,1,0,1,0,0,0,0,0,0.7415170863082441,форма
682,закруглить,глагол,1,0,1,0,0,0,0,0,1.691912225097684,форма
685,заливаться,глагол,1,0,0,0,1,0,1,0,10.005258713849267,звучать
706,запах,существительное,1,0,0,0,0,1,0,0,85.85932347239543,запах
710,запашистый,прилагательное,1,0,0,0,0,1,0,0,0.093995123616538,запах
711,запашок,существительное,1,0,0,0,0,1,0,0,0.187990247233076,вонь
721,засолить,глагол,1,0,0,1,0,0,0,0,0.49086342333080946,вкусный
727,застылый,причастие,1,1,0,0,0,0,0,0,12.396912414758955,температура
728,засуха,существительное,1,1,0,0,0,0,0,0,5.347278143518606,атмосфера
729,засушливый,прилагательное,1,1,0,0,0,0,0,0,0.8250683073007223,атмосфера
733,затверделый,прилагательное,1,1,0,0,0,0,0,0,0.10443902624059778,осязание
734,затвердеть,глагол,1,1,0,0,0,0,0,0,1.3263756332555916,осязание
742,затхло,наречие,0,0,0,1,0,1,0,0,0.17754634460901622,запах
743,затхлый,прилагательное,1,0,0,1,0,1,0,0,3.007843955729216,запах
748,зачерствелый,прилагательное,1,1,0,0,0,0,1,0,0.15665853936089666,вкусный
749,зачерстветь,глагол,1,1,0,0,0,0,1,0,0.30287317609773357,вкусный
753,звенеть,глагол,1,0,0,0,1,0,0,0,28.741620021412505,звучать
755,звенящий,причастие,1,0,0,0,1,0,0,0,5.963468398338133,звучать
756,звон,существительное,1,0,0,0,1,0,0,0,47.44664962110357,звучать
757,звонить,глагол,1,0,0,0,1,0,0,0,46.987117905644936,звучать
758,звонкий,прилагательное,1,0,0,0,1,0,0,0,23.603219930375097,звучать
759,звонко,наречие,1,0,0,0,1,0,0,0,16.198492969916714,звучать
760,звонкость,существительное,1,0,0,0,1,0,0,0,0.375980494466152,звучать
761,звонок,существительное,1,0,0,0,1,0,0,0,43.75995199481047,звучать
763,звук,существительное,1,0,0,0,1,0,0,0,150.97705633340811,звучать
764,звучание,существительное,0,0,0,0,1,1,0,аромат,3.7284732367893407,звучать
768,здоровенный,прилагательное,1,0,1,0,0,0,0,0,5.869473274721595,размер 
775,зеленовато-голубой,прилагательное,1,0,1,0,0,0,0,0,0.4073122023383313,цвет
776,зеленоватый,прилагательное,1,0,1,0,0,0,0,0,11.582288010082292,цвет
781,землисто-серый,прилагательное,1,0,1,0,0,0,0,0,0.12532683148871732,цвет
783,землистый,прилагательное,1,0,1,0,0,0,0,0,2.631863461263064,цвет
788,златой,прилагательное,1,0,1,0,0,0,0,0,1.4099268542480698,цвет
789,зловоние,существительное,1,0,0,0,0,1,0,0,2.3812097982856293,вонь
790,зловонно,наречие,1,0,0,0,0,1,0,0,0.06266341574435866,вонь
791,зловонный,прилагательное,1,0,0,0,0,1,0,0,2.851185416368319,вонь
793,знобкий,прилагательное,1,1,0,0,0,0,0,0,0.21932195510525532,температура
794,знобко,наречие,1,1,0,0,0,0,0,0,0.06266341574435866,температура
795,зной,существительное,1,1,0,0,0,0,0,0,13.190649014187498,атмосфера
796,знойкий,прилагательное,1,1,0,0,0,0,0,0,0.06266341574435866,атмосфера
797,знойно,наречие,1,1,0,0,0,0,0,0,0.8564000151729017,атмосфера
798,знойный,существительное,1,1,0,0,0,0,1,0,8.41778551499218,атмосфера
799,золотенький,прилагательное,1,0,1,0,0,0,0,0,0.19843414985713578,цвет
800,золотисто-красный,прилагательное,1,0,1,0,0,0,0,0,0.15665853936089666,цвет
801,золотистый,прилагательное,1,0,1,0,0,0,0,0,14.349922205458133,цвет
820,зябко,наречие,1,1,0,0,0,0,0,0,2.548312240270586,температура
826,изгиб,существительное,0,1,1,0,0,0,0,гибкий,6.412556211172703,форма
827,изгибать,глагол,0,1,1,0,0,0,0,гибкий,0.751960988932304,форма
828,изгибаться,глагол,0,1,1,0,0,0,0,гибкий,3.8015805551577593,форма
858,изумрудный,прилагательное,1,0,1,0,0,0,1,0,5.921692787841894,цвет
865,индиго,прилагательное,1,0,1,0,0,0,1,0,0.2715414682255542,цвет
866,индиговый,прилагательное,1,0,1,0,0,0,1,0,0.06266341574435866,цвет
874,искривить,глагол,1,0,1,0,0,0,0,0,3.718029334165281,форма
875,искривиться,глагол,1,0,1,0,0,0,0,0,1.0026146519097385,форма
876,искривление,существительное,1,0,1,0,0,0,0,0,1.0548341650300375,форма
895,иссиня-белый,прилагательное,1,0,1,0,0,0,0,0,0.1357707341127771,цвет
909,исчерна-синий,прилагательное,1,0,1,0,0,0,0,0,0.06266341574435866,цвет
913,какофония,существительное,1,0,0,0,1,0,0,0,0.8041805020526028,музыка
917,камертон,существительное,1,0,0,0,1,0,0,0,1.169717093894695,музыка
919,канареечный,прилагательное,1,0,1,0,0,0,1,0,0.8041805020526028,цвет
921,караковый,прилагательное,1,0,1,0,0,0,0,0,0.7624048915563637,цвет
923,карий,прилагательное,1,0,1,0,0,0,0,0,7.352507447338083,цвет
925,кармазинный,прилагательное,1,0,1,0,0,0,0,0,0.1357707341127771,цвет
927,карминный,прилагательное,1,0,1,0,0,0,0,0,0.1357707341127771,цвет
929,карминовый,прилагательное,1,0,1,0,0,0,0,0,0.12532683148871732,цвет
940,каштановый,прилагательное,1,0,1,0,0,0,0,0,8.344678196623763,цвет
941,квадрат,существительное,1,0,1,0,0,0,0,0,11.958268504548444,форма
942,квадратный,прилагательное,1,0,1,0,0,0,0,0,16.752019808991882,форма
944,квас,существительное,0,0,0,1,0,1,1,0,9.994814811225206,вкусный
947,квашеный,прилагательное,1,0,0,1,0,0,0,0,0.5326390338270486,вкусный
950,киноварный,прилагательное,1,0,1,0,0,0,1,0,0.12532683148871732,цвет
951,кипенный,прилагательное,1,0,1,0,0,0,1,0,0.07310731836841844,цвет
954,кирпично-красный,прилагательное,1,0,1,0,0,0,1,0,0.375980494466152,цвет
956,кисленький,прилагательное,1,0,0,1,0,0,0,0,1.0652780676540972,вкусный
958,кислинка,существительное,1,0,0,1,0,0,0,0,0.07310731836841844,вкусный
959,кисло,наречие,1,0,0,1,0,0,0,0,2.3812097982856293,вкусный
960,кисловато,наречие,1,0,0,1,0,0,0,0,0.093995123616538,вкусный
961,кислота,существительное,1,0,0,1,0,0,1,0,17.796410071397858,вкусный
962,кислотность,существительное,1,0,0,1,0,0,0,0,0.43864391021051063,вкусный
963,кислый,прилагательное,1,0,0,1,0,0,1,0,13.879946587375445,вкусный
964,кислятина,существительное,1,0,0,1,0,0,0,0,0.5013073259548693,вкусный
969,колкий,прилагательное,1,1,0,0,0,0,1,0,1.9007902775788796,осязание
970,колко,наречие,1,1,0,0,0,0,1,0,0.41775610496239113,осязание
973,колоритный,прилагательное,0,0,1,1,0,1,0,0,1.127941483398456,яркость
977,колючий,прилагательное,1,1,0,0,0,0,0,0,16.48047834076633,осязание
978,колющий,прилагательное,1,1,0,0,0,0,0,0,1.169717093894695,осязание
992,коралловый,прилагательное,1,0,1,0,0,0,1,0,2.31854638254127,цвет
994,коричневатый,прилагательное,1,0,1,0,0,0,0,0,0.38642439709021176,цвет
997,коричнево-серый,прилагательное,1,0,1,0,0,0,0,0,0.12532683148871732,цвет
998,коричневый,прилагательное,1,0,1,0,0,0,0,0,23.665883346119454,цвет
1001,коротенек,наречие,0,0,1,0,1,0,0,0,0.19843414985713578,размер
1003,коротенький,прилагательное,0,0,1,0,1,0,0,0,11.968712407172504,размер
1005,короткий,прилагательное,0,0,1,0,1,0,0,0,118.20408989910855,размер
1006,коротко,наречие,0,0,1,0,1,0,0,0,25.211580934480303,размер
1008,коротковатый,прилагательное,0,0,1,0,1,0,0,0,0.14621463673683688,размер
1011,корявый,прилагательное,1,0,1,0,0,0,0,0,8.470005028112478,форма
1013,красненький,прилагательное,1,0,1,0,0,0,0,0,2.8302976111201996,цвет
1015,красно-коричневый,прилагательное,1,0,1,0,0,0,0,0,0.32376098134585307,цвет
1016,красно-оранжевый,прилагательное,1,0,1,0,0,0,0,0,0.11488292886465755,цвет
1017,красно-фиолетовый,прилагательное,1,0,1,0,0,0,0,0,0.093995123616538,цвет
1019,красновато-коричневый,прилагательное,1,0,1,0,0,0,0,0,0.093995123616538,цвет
1022,красновато-серый,прилагательное,1,0,1,0,0,0,0,0,0.08355122099247822,цвет
1024,красный,прилагательное,1,0,1,0,0,0,0,0,420.68039769712783,цвет
1027,красочно,наречие,0,0,1,1,0,0,1,светлый,1.451702464744309,яркость
1028,красочность,существительное,0,0,1,1,0,0,1,0,0.9190634309172604,яркость
1029,красочный,прилагательное,0,0,1,1,0,0,1,яркий,7.01830256336817,яркость
1035,кремовый,прилагательное,1,0,1,0,0,0,1,0,1.451702464744309,цвет
1039,кривой,прилагательное,1,0,1,0,0,0,0,0,13.681512437518307,форма
1040,кроваво-красный,прилагательное,1,0,1,0,0,0,1,0,1.0548341650300375,цвет
1045,крохотный,прилагательное,1,0,1,0,0,0,0,0,14.015717321488221,размер
1048,крошечный,прилагательное,1,0,1,0,0,0,0,0,19.822527180465457,размер
1049,круг,существительное,1,0,1,0,0,0,0,0,158.98752964606197,форма
1052,круглый,прилагательное,1,0,1,0,0,0,0,0,87.4990161843728,форма
1054,крючковатый,прилагательное,1,0,1,0,0,0,0,0,1.8694585697067,форма
1055,кумачный,прилагательное,1,0,1,0,0,0,0,0,0.5326390338270486,цвет
1056,кумачовый,прилагательное,1,0,1,0,0,0,0,0,1.3785951463758905,цвет
1059,лазоревый,прилагательное,1,0,1,0,0,0,0,0,1.9530097906991781,цвет
1063,лазурный,прилагательное,1,0,1,0,0,0,0,0,3.718029334165281,цвет
1064,лакомый,прилагательное,1,0,0,1,0,0,1,0,2.3916537009096888,вкусный
1073,леденящий,прилагательное,1,1,0,0,0,0,1,0,1.8694585697067,температура
1074,ледышка,существительное,1,1,0,0,0,0,0,0,0.3133170787217933,температура
1075,ледяной,прилагательное,1,1,0,0,0,0,0,0,36.52232747633704,температура
1077,лилейный,прилагательное,1,0,1,0,0,0,0,0,0.21932195510525532,цвет
1078,лиловатый,прилагательное,1,0,1,0,0,0,0,0,1.3890390489999502,цвет
1079,лиловый,прилагательное,1,0,1,0,0,0,0,0,14.830341726164884,цвет
1082,лимонный,прилагательное,0,0,1,1,0,0,0,0,2.7363024875036617,цвет
1083,ломкий,прилагательное,1,1,0,0,0,0,0,0,1.8694585697067,осязание
1084,ломко,наречие,1,1,0,0,0,0,0,0,0.08355122099247822,осязание
1104,малахитовый,прилагательное,1,0,1,0,0,0,1,0,1.8485707644585805,цвет
1105,маленький,прилагательное,1,0,1,0,0,0,0,0,555.6260635026042,размер
1106,маленький-маленький,прилагательное,1,0,1,0,0,0,0,0,0.845956112548842,размер
1113,малиново-красный,прилагательное,1,0,1,0,0,0,0,0,0.08355122099247822,цвет
1115,малиновый,прилагательное,1,0,1,0,0,0,1,0,13.953053905743863,цвет
1128,малосольный,прилагательное,1,0,0,1,0,0,0,0,0.3133170787217933,вкусный
1131,малый,прилагательное,1,0,1,0,0,0,0,0,207.60389636106024,размер
1132,малюсенький,прилагательное,1,0,1,0,0,0,0,0,2.245439064172852,размер
1136,масленый,прилагательное,1,1,0,0,0,0,0,0,2.788522000623961,осязание
1137,маслянистый,прилагательное,1,1,0,0,0,0,0,0,1.9007902775788796,осязание
1141,матово-белый,прилагательное,1,0,1,0,0,0,0,0,0.25065366297743463,цвет
1145,матовый,прилагательное,0,1,1,0,0,0,0,0,9.608390414134995,яркость
1149,махонький,прилагательное,1,0,1,0,0,0,0,0,1.639692711977385,размер
1156,мгла,существительное,1,0,1,0,0,0,0,0,18.924351554796313,свет
1158,мглистый,прилагательное,1,0,1,0,0,0,0,0,2.4856488245262267,свет
1161,медно-красный,прилагательное,1,0,1,0,0,0,0,0,0.8981756256691408,цвет
1163,медовый,прилагательное,1,0,1,0,0,0,1,0,5.263726922526128,вкусный
1165,мелкий,прилагательное,1,0,1,0,0,0,0,0,154.48620761509224,размер
1166,меловой,прилагательное,1,0,1,0,0,0,1,0,3.2584976187066506,цвет
1168,мелодичность,существительное,1,0,0,0,1,0,0,0,0.24020976035337488,музыка
1169,мелодичный,прилагательное,1,0,0,0,1,0,0,0,2.6109756560149444,музыка
1170,мелодия,существительное,1,0,0,0,1,0,0,0,12.793780714473227,музыка
1180,мертвенно-бледный,прилагательное,1,0,1,0,0,0,1,0,1.0130585545337984,цвет
1184,миниатюрный,прилагательное,1,0,1,0,0,0,0,0,3.780692749909639,размер
1185,многоголосие,существительное,1,0,0,0,1,0,0,0,0.10443902624059778,музыка
1191,многоугольный,прилагательное,1,0,1,0,0,0,0,0,0.19843414985713578,форма
1192,модуляция,существительное,1,0,0,0,1,0,0,0,1.159273191270635,музыка
1194,мокренек,прилагательное,1,1,0,0,0,0,0,0,0.05221951312029889,атмосфера
1195,мокренький,прилагательное,1,1,0,0,0,0,0,0,0.19843414985713578,атмосфера
1198,мокро,наречие,1,1,0,0,0,0,0,0,3.185390300338232,атмосфера
1200,мокрый,прилагательное,1,1,0,0,0,0,0,0,70.97676223311024,атмосфера
1203,молочно-белый,прилагательное,1,0,1,0,0,0,0,0,0.6475219626917061,цвет
1204,молочно-голубой,прилагательное,1,0,1,0,0,0,0,0,0.281985370849614,цвет
1209,морозно,наречие,1,1,0,0,0,0,0,0,2.0887805248119555,температура
1210,морозный,прилагательное,1,1,0,0,0,0,0,0,18.27682959210461,температура
1216,мраморно-белый,прилагательное,1,0,1,0,0,0,0,0,0.06266341574435866,цвет
1217,мрачно,наречие,1,0,1,0,0,0,1,0,20.67892719563836,свет
1218,мрачный,прилагательное,1,0,1,0,0,0,1,0,65.99502068143373,свет
1220,музыка,существительное,1,0,0,0,1,0,0,0,144.0318610884084,музыка
1224,мутно,наречие,1,0,1,0,0,0,1,0,3.74936104203746,свет
1225,мутно-белый,прилагательное,1,0,1,0,0,0,0,0,0.2297658577293151,цвет
1226,мутно-голубой,прилагательное,1,0,1,0,0,0,0,0,0.14621463673683688,цвет
1227,мутно-серый,прилагательное,1,0,1,0,0,0,0,0,0.16710244198495644,цвет
1228,мутный,прилагательное,1,0,1,0,0,0,1,0,30.32909322026959,свет
1230,мухортый,прилагательное,1,0,1,0,0,0,1,0,0.15665853936089666,цвет
1232,мышастый,прилагательное,1,0,1,0,0,0,1,0,0.3342048839699129,цвет
1235,мягкий,прилагательное,0,1,0,1,1,1,0,0,101.24319203763548,осязание
1237,мягко,наречие,0,1,0,1,1,1,0,0,28.282088305953877,осязание
1240,мягонький,прилагательное,0,1,0,1,1,1,0,0,0.187990247233076,осязание
1242,мяконький,прилагательное,0,1,0,1,1,1,0,0,0.11488292886465755,осязание
1254,налитой,прилагательное,0,0,1,1,0,0,0,полный,6.07835132720279,вкусный
1255,намокнуть,глагол,1,1,0,0,0,0,0,0,3.2271659108344712,атмосфера
1258,напев,существительное,1,0,0,0,1,0,0,0,3.8120244577818188,музыка
1270,неаппетитный,прилагательное,1,0,0,1,0,0,0,0,0.26109756560149444,вкусный
1272,небесно-голубой,прилагательное,1,0,1,0,0,0,0,0,0.30287317609773357,цвет
1275,небесный,прилагательное,1,0,1,0,0,0,1,0,52.449278978028204,цвет
1277,неблестящий,прилагательное,1,0,1,0,0,0,0,0,0.14621463673683688,яркость
1278,небольшой,прилагательное,1,0,1,0,0,0,0,0,213.67180378563899,размер
1282,невеликий,прилагательное,1,0,1,0,0,0,0,0,0.5013073259548693,размер
1287,невзрачно,наречие,1,0,1,0,0,0,0,0,0.05221951312029889,яркость
1288,невзрачный,прилагательное,1,0,1,0,0,0,0,0,4.68931227820284,яркость
1289,невкусный,прилагательное,1,0,0,1,0,0,0,0,1.3785951463758905,вкусный
1298,неглубокий,прилагательное,1,0,1,0,0,0,0,0,4.22978056274421,размер
1314,недлинный,прилагательное,0,0,1,0,1,0,0,0,1.033946359781918,размер
1317,недюжинный,прилагательное,1,0,1,0,0,0,0,0,1.827682959210461,размер 
1321,нежно-голубой,прилагательное,1,0,1,0,0,0,0,0,0.6266341574435866,цвет
1323,нежно-золотой,прилагательное,1,0,1,0,0,0,0,0,0.05221951312029889,цвет
1324,нежно-розовый,прилагательное,1,0,1,0,0,0,0,0,0.7728487941804235,цвет
1325,нежно-фиолетовый,прилагательное,1,0,1,0,0,0,0,0,0.07310731836841844,цвет
1327,нежный,прилагательное,0,1,1,1,1,1,0,0,82.0786307224858,осязание
1339,некрепкий,прилагательное,0,1,1,1,0,1,0,0,0.38642439709021176,осязание
1340,некрепко,наречие,0,1,1,1,0,1,0,0,0.16710244198495644,осязание
1344,немаленький,прилагательное,1,0,1,0,0,0,0,0,0.24020976035337488,размер 
1345,немалый,прилагательное,1,0,1,0,0,0,0,0,14.684127089428047,размер 
1356,неостывший,прилагательное,1,1,0,0,0,0,0,0,0.48041952070674976,температура
1363,неприглядный,прилагательное,1,0,1,0,0,0,0,0,3.1436146898419928,яркость
1369,непроглядный,прилагательное,1,0,1,0,0,0,0,0,3.74936104203746,свет
1371,неровно,наречие,0,1,1,0,0,0,0,0,3.195834202962292,форма
1372,неровность,существительное,0,1,1,0,0,0,0,0,2.161887843180374,форма
1373,неровный,прилагательное,0,1,1,0,0,0,0,0,10.381239208315419,форма
1375,несладкий,прилагательное,0,0,0,1,0,1,0,0,0.26109756560149444,вкусный
1376,несладко,наречие,0,0,0,1,0,1,0,0,0.5221951312029889,вкусный
1383,несъедобный,прилагательное,1,0,0,1,0,0,0,0,0.6370780600676464,вкусный
1384,нетвёрдый,прилагательное,0,1,0,0,1,0,0,0,2.2872146746690913,осязание
1396,неширокий,прилагательное,1,0,1,0,0,0,0,0,1.5143658804886677,форма
1399,неяркий,прилагательное,1,0,1,0,0,0,0,0,1.7023561277217436,яркость
1400,неярко,наречие,1,0,1,0,0,0,0,0,0.38642439709021176,яркость
1406,низенький,прилагательное,0,0,1,0,1,0,0,0,12.616234369864213,размер
1408,низкий,прилагательное,0,0,1,0,1,0,0,0,103.41552378343992,размер
1409,низко,наречие,0,0,1,0,1,0,0,0,34.88263476435966,размер
1410,нота,существительное,1,0,0,0,1,1,1,аромат,36.4805518658408,музыка
1418,обертон,существительное,1,0,0,0,1,0,0,0,0.8146244046766626,музыка
1434,объедение,существительное,1,0,0,1,0,0,0,0,0.38642439709021176,вкусный
1435,овал,существительное,1,0,1,0,0,0,0,0,2.8407415137442595,форма
1441,овальный,прилагательное,1,0,1,0,0,0,0,0,4.992185454300573,форма
1453,огненно-красный,прилагательное,1,0,1,0,0,0,0,0,0.8250683073007223,цвет
1459,огромный,прилагательное,1,0,1,0,0,0,0,0,316.07426901454505,размер 
1460,огрубелый,прилагательное,1,1,0,0,0,0,0,0,1.0861658729022168,осязание
1461,одеревенелый,прилагательное,1,1,0,0,0,0,1,0,0.2297658577293151,осязание
1465,ознобный,прилагательное,1,1,0,0,0,0,1,0,0.05221951312029889,температура
1467,окрик,существительное,1,0,0,0,1,0,0,0,10.141029447962044,голос
1469,окрикивать,глагол,1,0,0,0,1,0,0,0,0.1357707341127771,голос
1471,округло,наречие,1,0,1,0,0,0,0,0,0.35509268921803244,форма
1472,округлость,существительное,1,0,1,0,0,0,0,0,0.8772878204210213,форма
1473,округлый,прилагательное,0,1,1,0,0,0,0,0,2.6840829743833625,форма
1487,ор,существительное,1,0,0,0,1,0,0,0,4.2820000758645085,голос
1490,оранжево-красный,прилагательное,1,0,1,0,0,0,0,0,0.187990247233076,цвет
1491,оранжево-розовый,прилагательное,1,0,1,0,0,0,0,0,0.07310731836841844,цвет
1492,оранжевый,прилагательное,1,0,1,0,0,0,0,0,9.535283095766577,цвет
1493,орать,существительное,1,0,0,0,1,0,1,0,16.29248809353325,голос
1496,освещать,глагол,1,0,1,0,0,0,1,0,28.12542976659298,свет
1497,освещение,существительное,1,0,1,0,0,0,1,0,31.551029827284587,свет
1500,осклизлый,прилагательное,1,1,0,0,0,0,0,0,0.5326390338270486,осязание
1501,ослепительный,прилагательное,1,0,1,0,0,0,1,0,12.27158558327024,яркость
1503,ослеплять,глагол,1,0,1,0,0,0,0,0,3.5822586000525036,яркость
1504,ослепляющий,причастие,1,0,1,0,0,0,0,0,0.10443902624059778,яркость
1507,ослизлый,прилагательное,1,1,0,0,0,0,0,0,0.281985370849614,осязание
1516,остренький,прилагательное,0,1,1,1,0,1,1,0,1.8067951539623415,осязание
1519,островерхий,прилагательное,0,1,1,0,0,0,0,0,0.9817268466616189,форма
1520,остроконечный,прилагательное,0,1,1,0,0,0,0,0,4.052234218135194,форма
1522,острота,существительное,0,1,1,1,0,1,1,0,19.300332049262465,форма
1525,острый-преострый,прилагательное,0,1,1,1,0,1,0,0,0.06266341574435866,осязание
1528,остылый,прилагательное,1,1,0,0,0,0,1,0,0.5326390338270486,температура
1529,осязание,существительное,1,1,0,0,0,0,0,0,2.1305561353081943,осязание
1530,отблеск,существительное,1,0,1,0,0,0,0,0,11.028761171007124,свет
1531,отблескивать,глагол,1,0,1,0,0,0,0,0,0.32376098134585307,свет
1538,отголосок,существительное,1,0,0,0,1,0,0,0,7.133185492232828,звучать
1540,отзвук,существительное,1,0,0,0,1,0,0,0,6.224565963939627,звучать
1548,отсвечивать,глагол,1,0,1,0,0,0,0,0,2.0783366221878956,свет
1550,отсырелый,причастие,1,1,0,0,0,0,0,0,0.49086342333080946,атмосфера
1551,отсыреть,глагол,1,1,0,0,0,0,0,0,1.9530097906991781,атмосфера
1553,оттенок,существительное,0,0,1,1,1,1,0,"вкус, аромат",31.812127392886083,цвет
1560,охладелый,прилагательное,1,1,0,0,0,0,1,0,0.12532683148871732,температура
1566,ощупывать,глагол,1,1,0,0,0,0,0,0,6.872087926631334,осязание
1567,ощупь,существительное,1,1,0,0,0,0,0,0,2.36032199303751,осязание
1579,палящий,прилагательное,1,1,0,0,0,0,1,0,3.154058592466053,атмосфера
1584,пастельный,прилагательное,1,0,1,0,0,0,1,0,0.12532683148871732,цвет
1585,паточный,прилагательное,1,0,0,1,0,0,1,0,0.34464878659397263,вкусный
1586,пахнуть,глагол,1,0,0,0,0,1,0,0,81.94285998837302,запах
1588,пахучесть,существительное,1,0,0,0,0,1,0,0,0.11488292886465755,запах
1589,пахучий,прилагательное,1,0,0,0,0,1,0,0,7.592717207691458,запах
1592,пекло,существительное,1,1,0,0,0,0,1,0,4.20889275749609,атмосфера
1594,пение,существительное,1,0,0,0,1,0,0,0,52.87747898561465,звучать
1596,пепельно-серый,прилагательное,1,0,1,0,0,0,0,0,0.375980494466152,цвет
1606,перезвон,существительное,1,0,0,0,1,0,0,0,2.8302976111201996,звучать
1623,перламутровый,прилагательное,1,0,1,0,0,0,1,0,2.6423073638871237,цвет
1629,песня,существительное,1,0,0,0,1,0,0,0,167.6350810187835,музыка
1632,петь,глагол,1,0,0,0,1,0,0,0,199.9067401271282,музыка
1644,плоский,прилагательное,0,0,1,0,1,0,0,0,32.428317647705605,размер
1646,плоскость,существительное,0,0,1,0,1,0,1,0,16.731132003743763,размер
1649,плотный,прилагательное,0,1,1,1,1,1,0,0,30.98705908558536,осязание
1653,пованивать,глагол,1,0,0,0,0,1,0,0,0.11488292886465755,вонь
1654,повеять,глагол,1,0,0,0,0,1,0,0,4.9504098438043345,запах
1662,подголосок,существительное,1,0,0,0,1,0,0,0,0.9190634309172604,голос
1665,подмоклый,причастие,1,1,0,0,0,0,0,0,0.5848585469473475,атмосфера
1666,подмокнуть,глагол,1,1,0,0,0,0,0,0,0.4490878128345704,атмосфера
1672,покато,прилагательное,1,0,1,0,0,0,0,0,0.21932195510525532,форма
1673,покатость,существительное,1,0,1,0,0,0,0,0,0.49086342333080946,форма
1674,покатый,прилагательное,1,0,1,0,0,0,0,0,4.052234218135194,форма
1676,полифония,существительное,1,0,0,0,1,0,0,0,0.12532683148871732,музыка
1679,полутон,существительное,0,0,1,1,1,1,1,0,1.0652780676540972,цвет
1683,попахивать,глагол,1,0,0,0,0,1,0,0,1.3994829516240102,вонь
1684,поперчить,глагол,1,0,0,1,0,0,0,0,0.10443902624059778,вкусный
1694,поющий,причастие,1,0,0,0,1,0,0,0,0.08355122099247822,музыка
1696,пребольшой,прилагательное,1,0,1,0,0,0,0,0,0.17754634460901622,размер 
1697,превкусный,прилагательное,1,0,0,1,0,0,0,0,0.46997561808268995,вкусный
1704,предлинный,прилагательное,0,0,1,0,1,0,0,0,0.41775610496239113,размер
1707,прекислый,прилагательное,1,0,0,1,0,0,0,0,0.30287317609773357,вкусный
1719,пресветлый,прилагательное,1,0,1,0,0,0,0,0,1.6814683224736242,яркость
1723,пресладкий,прилагательное,1,0,0,1,0,0,0,0,0.08355122099247822,вкусный
1724,пресный,прилагательное,1,0,0,1,0,0,0,0,7.101853784360649,вкусный
1736,привкус,существительное,1,0,0,1,0,1,0,аромат,2.663195169135243,вкусный
1741,приглубый,прилагательное,1,0,1,0,0,0,0,0,0.06266341574435866,размер
1753,пригорелый,прилагательное,1,0,0,0,0,1,0,0,0.187990247233076,вкусный
1755,придыхание,существительное,1,0,0,0,1,0,0,0,0.8772878204210213,голос
1762,припекать,глагол,1,1,0,0,0,0,1,0,1.4830341726164882,атмосфера
1763,припечь,глагол,1,1,0,0,0,0,1,0,0.5848585469473475,атмосфера
1773,приторно,наречие,0,0,0,1,0,1,0,0,0.5535268390751682,вкусный
1774,приторно-сладкий,прилагательное,0,0,0,1,0,1,0,0,0.07310731836841844,вкусный
1775,приторность,существительное,0,0,0,1,0,1,0,0,0.4282000075864508,вкусный
1776,приторный,прилагательное,0,0,0,1,0,1,0,0,2.203663453676613,вкусный
1796,прогорклый,прилагательное,0,0,0,1,0,1,0,0,0.5848585469473475,вкусный
1797,продолговатый,прилагательное,1,0,1,0,0,0,0,0,5.127956188413351,размер
1803,прозрачно-голубой,прилагательное,1,0,1,0,0,0,0,0,0.15665853936089666,цвет
1805,прозрачно-синий,прилагательное,1,0,1,0,0,0,0,0,0.1357707341127771,цвет
1806,прозрачность,существительное,0,0,1,0,1,0,1,0,3.6762537236690416,свет
1807,прозрачный,прилагательное,1,0,1,0,0,0,1,0,42.30824953006616,яркость
1816,прокислый,прилагательное,0,0,0,1,0,1,0,0,0.2297658577293151,вкусный
1822,промозглый,прилагательное,1,1,0,0,0,0,0,0,1.5248097831127274,атмосфера
1823,промокнуть,глагол,1,1,0,0,0,0,0,0,6.09923913245091,атмосфера
1826,пронзительный,прилагательное,1,1,0,0,0,0,1,0,12.835556324969467,звучать
1841,простонать,глагол,1,0,0,0,1,0,1,0,5.232395214653948,голос
1847,протухлый,прилагательное,0,0,0,1,0,1,0,0,0.2297658577293151,вонь
1848,протухший,прилагательное,0,0,0,1,0,1,0,0,0.4073122023383313,вонь
1850,протяжно,наречие,0,0,1,0,1,0,0,0,6.4543318216689425,звучать
1851,протяжность,существительное,0,0,1,0,1,0,0,0,0.093995123616538,звучать
1852,протяжный,прилагательное,0,0,1,0,1,0,0,0,7.007858660744111,звучать
1854,прохладно,наречие,1,1,0,0,0,0,1,0,6.370780600676464,температура
1855,прохладный,прилагательное,0,1,0,0,0,1,1,0,17.138444206082095,температура
1872,пряменький,прилагательное,1,0,1,0,0,0,0,0,0.1357707341127771,форма
1873,пряменько,наречие,1,0,1,0,0,0,0,0,0.093995123616538,форма
1881,прямой,прилагательное,1,0,1,0,0,0,0,0,111.74975807743961,форма
1883,прямоугольник,существительное,1,0,1,0,0,0,0,0,2.255882966796912,форма
1885,прямоугольный,прилагательное,1,0,1,0,0,0,0,0,2.161887843180374,форма
1886,пряно,наречие,0,0,0,1,0,1,0,0,0.35509268921803244,вкусный
1887,пряность,существительное,0,0,0,1,0,1,0,0,0.9399512361653799,вкусный
1888,пряный,прилагательное,0,0,0,1,0,1,0,0,3.4569317685637864,вкусный
1897,пунцовый,прилагательное,1,0,1,0,0,0,0,0,4.261112270616389,цвет
1900,пурпурный,прилагательное,1,0,1,0,0,0,0,0,2.412541506157808,цвет
1901,пурпуровый,прилагательное,1,0,1,0,0,0,0,0,1.8067951539623415,цвет
1905,пушистый,прилагательное,1,1,0,0,0,0,0,0,13.911278295247623,осязание
1914,пятнистый,прилагательное,1,0,1,0,0,0,0,0,2.7049707796314824,цвет
1924,раздаваться,глагол,1,0,0,0,1,0,1,0,44.25081541814128,звучать
1934,разить,глагол,1,0,0,0,0,1,0,0,3.9164634840224166,запах
1947,разноситься,глагол,1,0,0,0,1,0,1,0,4.344663491608867,звучать
1950,разноцветность,существительное,1,0,1,0,0,0,0,0,0.093995123616538,цвет
1951,разноцветный,прилагательное,1,0,1,0,0,0,0,0,18.078395442247476,цвет
1955,разящий,причастие,1,0,0,0,0,1,0,0,0.8250683073007223,вонь
1957,раскат,существительное,1,0,0,0,1,0,0,0,8.00002941002979,звучать
1990,реветь,глагол,0,0,0,0,1,1,0,издавать запах,19.049678386285034,голос
1992,режущий,прилагательное,1,1,0,0,0,0,1,0,3.1436146898419928,осязание
2000,ржавый,прилагательное,1,0,1,0,0,0,0,0,9.702385537751532,цвет
2001,ржание,существительное,1,0,0,0,1,0,0,0,3.509151281684085,звучать
2002,ржать,глагол,1,0,0,0,1,0,0,0,4.845970817563737,звучать
2014,ровный,прилагательное,0,1,1,0,1,0,0,гладкий,42.72600563502855,форма
2019,розоватый,прилагательное,1,0,1,0,0,0,0,0,4.469990323097584,цвет
2020,розовенький,прилагательное,1,0,1,0,0,0,0,0,0.7832926968044832,цвет
2021,розово-красный,прилагательное,1,0,1,0,0,0,0,0,0.11488292886465755,цвет
2023,розоволицый,прилагательное,1,0,1,0,0,0,0,0,0.07310731836841844,цвет
2025,розовый,прилагательное,1,0,1,0,0,0,0,0,70.01592319169674,цвет
2033,рулада,существительное,1,0,0,0,1,0,0,0,0.9086195282932007,музыка
2036,рыже-красный,прилагательное,1,0,1,0,0,0,0,0,0.10443902624059778,цвет
2038,рыжий,прилагательное,1,0,1,0,0,0,0,0,54.18296681362212,цвет
2039,рыхло,наречие,1,1,0,0,0,0,0,0,0.30287317609773357,осязание
2040,рыхлый,прилагательное,1,1,0,0,0,0,0,0,10.245468474202642,осязание
2047,сальный,прилагательное,0,1,0,0,0,1,1,0,4.1880049522479705,осязание
2055,сахаристый,прилагательное,1,0,0,1,0,0,0,0,0.26109756560149444,вкусный
2058,сахарный,прилагательное,1,0,0,1,0,0,0,0,10.798995313277809,вкусный
2059,свежесть,существительное,0,0,0,1,0,1,0,0,15.613634422969367,атмосфера
2060,свежий,прилагательное,0,0,0,1,0,1,0,0,87.45724057387658,атмосфера
2063,сверкание,существительное,1,0,1,0,0,0,0,0,2.151443940556314,яркость
2065,сверкать,глагол,1,0,1,0,0,0,0,0,59.227371781043,яркость
2066,сверкающий,прилагательное,1,0,1,0,0,0,0,0,0.08355122099247822,яркость
2075,свет,существительное,1,0,1,0,0,0,0,0,403.8343827645194,свет
2078,светить,глагол,1,0,1,0,0,0,0,0,20.57448816939776,свет
2079,светиться,глагол,1,0,1,0,0,0,0,0,24.271629698314925,свет
2080,светленький,прилагательное,1,0,1,0,0,0,0,0,0.6997414758120051,цвет
2085,светло-голубой,прилагательное,1,0,1,0,0,0,0,0,1.221936607014994,цвет
2088,светло-коричневый,прилагательное,1,0,1,0,0,0,0,0,0.6370780600676464,цвет
2089,светло-красный,прилагательное,1,0,1,0,0,0,0,0,0.2297658577293151,цвет
2090,светло-оранжевый,прилагательное,1,0,1,0,0,0,0,0,0.093995123616538,цвет
2091,светло-розовый,прилагательное,1,0,1,0,0,0,0,0,0.32376098134585307,цвет
2092,светло-серый,прилагательное,1,0,1,0,0,0,0,0,2.067892719563836,цвет
2093,светло-синий,прилагательное,1,0,1,0,0,0,0,0,0.6892975731879453,цвет
2094,светло-фиолетовый,прилагательное,1,0,1,0,0,0,0,0,0.06266341574435866,цвет
2097,светловатый,прилагательное,1,0,1,0,0,0,0,0,0.07310731836841844,цвет
2099,светлый,прилагательное,1,0,1,0,0,0,0,0,128.6479925231683,цвет
2101,светлый-светлый,прилагательное,1,0,1,0,0,0,0,0,0.093995123616538,цвет
2113,свинцово-серый,прилагательное,1,0,1,0,0,0,1,0,0.15665853936089666,цвет
2121,серебристо-белый,прилагательное,1,0,1,0,0,0,0,0,0.19843414985713578,цвет
2122,серебристо-голубой,прилагательное,1,0,1,0,0,0,0,0,0.12532683148871732,цвет
2126,серебристый,прилагательное,1,0,1,0,0,0,0,0,11.091424586751483,цвет
2127,серенький,прилагательное,1,0,1,0,0,0,0,0,8.208907462510984,цвет
2130,серо-белый,прилагательное,1,0,1,0,0,0,0,0,0.21932195510525532,цвет
2131,серо-голубой,прилагательное,1,0,1,0,0,0,0,0,1.075721970278157,цвет
2135,серо-розовый,прилагательное,1,0,1,0,0,0,0,0,0.10443902624059778,цвет
2137,серовато-голубой,прилагательное,1,0,1,0,0,0,0,0,0.11488292886465755,цвет
2138,сероватый,прилагательное,1,0,1,0,0,0,0,0,2.7363024875036617,цвет
2139,серый,прилагательное,1,0,1,0,0,0,0,0,165.91183708581363,цвет
2141,сиверкий,прилагательное,1,1,0,0,0,0,0,0,0.32376098134585307,температура
2143,сивый,прилагательное,1,0,1,0,0,0,0,0,3.342048839699129,цвет
2152,симметрично,наречие,1,0,1,0,0,0,0,0,0.8668439177969615,форма
2153,симметричность,существительное,1,0,1,0,0,0,0,0,0.24020976035337488,форма
2154,симметричный,прилагательное,1,0,1,0,0,0,0,0,0.9086195282932007,форма
2155,симметрия,существительное,1,0,1,0,0,0,0,0,2.3707658956615694,форма
2156,сине-багровый,прилагательное,1,0,1,0,0,0,0,0,0.281985370849614,цвет
2157,сине-голубой,прилагательное,1,0,1,0,0,0,0,0,0.16710244198495644,цвет
2159,сине-серый,прилагательное,1,0,1,0,0,0,0,0,0.5221951312029889,цвет
2160,сине-фиолетовый,прилагательное,1,0,1,0,0,0,0,0,0.06266341574435866,цвет
2163,синевато-красный,прилагательное,1,0,1,0,0,0,0,0,0.05221951312029889,цвет
2165,синеватый,прилагательное,1,0,1,0,0,0,0,0,8.292458683503463,цвет
2167,синенький,прилагательное,1,0,1,0,0,0,0,0,2.0887805248119555,цвет
2168,синий,прилагательное,1,0,1,0,0,0,0,0,108.26149460100365,цвет
2171,синий-синий,прилагательное,1,0,1,0,0,0,0,0,0.5953024495714073,цвет
2174,сирена,существительное,1,0,0,0,1,0,0,0,5.942580593090013,звучать
2175,сиреневатый,прилагательное,1,0,1,0,0,0,0,0,0.08355122099247822,цвет
2176,сиренево-розовый,прилагательное,1,0,1,0,0,0,0,0,0.05221951312029889,цвет
2179,сиреневый,прилагательное,1,0,1,0,0,0,1,0,3.9582390945186554,цвет
2185,склизкий,прилагательное,1,1,0,0,0,0,0,0,1.2637122175112332,осязание
2186,склизко,наречие,1,1,0,0,0,0,0,0,0.12532683148871732,осязание
2193,скус,существительное,1,0,0,1,0,0,0,0,0.16710244198495644,вкусный
2194,скусный,прилагательное,1,0,0,1,0,0,0,0,0.29242927347367376,вкусный
2201,сладенький,прилагательное,0,0,0,1,0,1,0,0,1.159273191270635,вкусный
2202,сладенько,наречие,0,0,0,1,0,1,0,0,0.06266341574435866,вкусный
2204,сладкий,прилагательное,0,0,0,1,0,1,0,0,36.41788845009644,вкусный
2206,сладкий-сладкий,прилагательное,0,0,0,1,0,1,0,0,0.07310731836841844,вкусный
2207,сладко,наречие,0,0,0,1,0,1,0,0,19.467434491247428,вкусный
2209,сладковатый,прилагательное,0,0,0,1,0,1,0,0,1.6083610041052057,вкусный
2211,сладкое,существительное,1,0,0,1,0,0,0,0,11.916492894052205,вкусный
2214,сладость,существительное,0,0,0,1,0,1,0,0,9.556170901014696,вкусный
2215,сласть,существительное,1,0,0,1,0,0,0,0,4.031346412887074,вкусный
2216,слепить,глагол,1,0,1,0,0,0,1,0,6.130570840323089,яркость
2221,слизистый,прилагательное,1,1,0,0,0,0,1,0,2.1305561353081943,вещество
2222,слизкий,прилагательное,1,1,0,0,0,0,0,0,0.16710244198495644,осязание
2224,слоноподобный,прилагательное,1,0,1,0,0,0,0,0,0.15665853936089666,размер 
2234,смак,существительное,1,0,0,1,0,0,0,0,0.845956112548842,вкусный
2235,смакование,существительное,1,0,0,1,0,0,0,0,0.2715414682255542,вкусный
2239,смачный,прилагательное,1,0,0,1,0,0,0,0,0.2715414682255542,вкусный
2243,смердеть,глагол,1,0,0,0,0,1,0,0,1.7128000303458033,вонь
2256,смрад,существительное,1,0,0,0,0,1,0,старый,3.8224683604058787,вонь
2257,смрадный,прилагательное,1,0,0,0,0,1,0,0,3.1436146898419928,вонь
2258,смурый,прилагательное,1,0,1,0,0,0,1,0,0.6475219626917061,цвет
2260,снежно-белый,прилагательное,1,0,1,0,0,0,1,0,0.6475219626917061,цвет
2263,согнутый,прилагательное,1,0,1,0,0,0,0,0,7.644936720811757,форма
2276,солить,глагол,1,0,0,1,0,0,0,0,1.7963512513382816,вкусный
2281,солоноватый,прилагательное,1,0,0,1,0,0,0,0,0.8355122099247823,вкусный
2282,соль,существительное,1,0,0,1,0,0,0,0,33.81735669670556,вкусный
2288,сопрано,существительное,1,0,0,0,1,0,0,0,5.054848870044933,музыка
2296,сохлый,прилагательное,1,1,0,0,0,0,0,0,0.7310731836841844,атмосфера
2297,сочно,наречие,0,1,0,1,0,1,0,0,2.234995161548792,вкусный
2298,сочность,существительное,0,1,0,1,0,1,0,0,0.5848585469473475,вкусный
2299,сочный,прилагательное,0,1,0,1,0,1,0,0,9.37862455640568,вкусный
2303,стенание,существительное,1,0,0,0,1,0,0,0,1.4308146594961895,голос
2306,стон,существительное,1,0,0,0,1,0,0,0,31.864346906006382,голос
2308,стонущий,причастие,1,0,0,0,1,0,0,0,0.05221951312029889,голос
2314,стылый,прилагательное,1,1,0,0,0,0,0,0,1.5561414909849067,температура
2324,сухо,наречие,1,1,0,0,0,0,1,0,23.759878469735995,атмосфера
2325,суховатый,прилагательное,1,1,0,0,0,0,0,0,1.7754634460901622,атмосфера
2329,сухонький,прилагательное,0,1,1,0,0,0,1,0,4.438658615225405,атмосфера
2330,сухость,существительное,1,1,0,0,0,0,0,0,4.365551296856987,атмосфера
2341,сыреть,глагол,1,1,0,0,0,0,0,0,0.29242927347367376,атмосфера
2342,сыро,наречие,0,1,1,1,0,1,0,0,7.749375747052355,атмосфера
2343,сырой,прилагательное,0,1,1,1,0,1,0,0,37.336951881013704,атмосфера
2344,сырость,существительное,0,1,1,1,0,1,0,0,16.03139052793176,атмосфера
2345,сытный,прилагательное,1,0,0,1,0,0,0,0,3.853800068278058,вкусный
2346,сытость,существительное,1,0,0,1,0,0,0,0,3.28982932657883,вкусный
2359,твердоватый,прилагательное,1,1,0,0,0,0,0,0,0.07310731836841844,осязание
2367,тембр,существительное,1,0,0,0,1,0,0,0,4.041790315511134,музыка
2369,темнеть,глагол,1,0,1,0,0,0,0,0,22.851258941442794,свет
2370,темно,наречие,1,0,1,0,0,0,0,0,37.69204457023173,свет
2373,темно-золотой,прилагательное,1,0,1,0,0,0,0,0,0.15665853936089666,цвет
2383,темноватый,прилагательное,1,0,1,0,0,0,0,0,2.412541506157808,свет
2384,темнота,существительное,1,0,1,0,0,0,0,0,93.81757727192898,свет
2385,темный,прилагательное,1,0,1,0,0,0,1,0,0.12532683148871732,свет
2387,тепло,наречие,1,1,0,0,0,0,0,0,79.26922091661372,температура
2388,тепловатый,прилагательное,1,1,0,0,0,0,0,0,0.8564000151729017,температура
2389,теплый,прилагательное,1,1,0,0,0,0,0,0,0.10443902624059778,температура
2390,теплынь,существительное,1,1,0,0,0,0,0,0,1.127941483398456,температура
2391,терпкий,прилагательное,0,0,0,1,0,1,0,0,2.9765122478570367,вкусный
2392,терпко,наречие,0,0,0,1,0,1,0,0,0.19843414985713578,вкусный
2393,терпкость,существительное,0,0,0,1,0,1,0,0,0.07310731836841844,вкусный
2399,тесный,прилагательное,1,0,1,0,0,0,0,0,54.67383023695293,форма
2401,тлетворный,прилагательное,1,0,0,0,0,1,0,0,1.169717093894695,вонь
2409,тональность,существительное,1,0,0,0,1,0,0,0,1.7545756408420425,музыка
2420,трезвон,существительное,1,0,0,0,1,0,0,0,2.1305561353081943,музыка
2422,тремоло,существительное,1,0,0,0,1,0,0,0,0.14621463673683688,музыка
2423,треугольник,существительное,1,0,1,0,0,0,0,0,11.759834354691309,форма
2425,треугольный,прилагательное,1,0,1,0,0,0,0,0,3.383824450195368,форма
2430,трубить,глагол,1,0,0,0,1,0,0,0,6.036575716706551,музыка
2440,тугой,прилагательное,0,1,0,0,1,1,0,0,14.287258789713775,вещество
2450,тупой,прилагательное,1,1,0,0,0,0,1,0,27.488351706525336,осязание
2452,тупой-тупой,прилагательное,1,1,0,0,0,0,1,0,0.17754634460901622,осязание
2456,тускло,наречие,1,0,1,0,0,0,0,0,11.644951425826651,свет
2460,тускло-серый,прилагательное,1,0,1,0,0,0,0,0,0.08355122099247822,цвет
2461,тускловатый,прилагательное,1,0,1,0,0,0,0,0,0.24020976035337488,свет
2462,тусклый,прилагательное,1,0,1,0,0,0,0,0,25.35779557121714,свет
2463,тухлый,прилагательное,0,0,0,1,0,1,0,0,2.3081024799172107,вонь
2464,тухлятинка,существительное,0,0,0,1,0,1,0,0,0.05221951312029889,вонь
2469,тягучесть,существительное,0,1,0,1,1,1,0,0,0.19843414985713578,вещество
2470,тягучий,прилагательное,0,1,0,1,1,1,0,0,6.193234256067448,вещество
2507,узенький,прилагательное,1,0,1,0,0,0,0,0,12.355136804262717,форма
2511,узкий,прилагательное,1,0,1,0,0,0,0,0,96.53299195418452,форма
2514,узко,наречие,1,0,1,0,0,0,0,0,3.404712255443487,форма
2519,узковатый,прилагательное,1,0,1,0,0,0,0,0,0.093995123616538,форма
2534,ультрамариновый,прилагательное,1,0,1,0,0,0,1,0,0.26109756560149444,цвет
2538,унисон,существительное,1,0,0,0,1,0,0,0,1.5874731988570863,музыка
2576,фиалковый,прилагательное,0,0,1,0,0,1,1,0,0.49086342333080946,цвет
2577,фимиам,существительное,1,0,0,0,0,1,0,0,2.026117109067597,запах
2578,фиолетовый,прилагательное,1,0,1,0,0,0,0,0,9.660609927255294,цвет
2581,фисташковый,прилагательное,0,0,1,1,0,1,1,0,0.7310731836841844,цвет
2589,форма,существительное,1,0,1,0,0,0,0,0,326.0377521178981,форма
2595,хаки,прилагательное,1,0,1,0,0,0,0,0,1.0861658729022168,цвет
2598,хладно,наречие,1,1,0,0,0,0,0,0,0.14621463673683688,температура
2599,хладный,прилагательное,1,1,0,0,0,0,0,0,1.7128000303458033,температура
2600,хлипкий,прилагательное,0,1,1,0,0,0,0,0,0.7937365994285431,форма
2601,хлипко,наречие,0,1,1,0,0,0,0,0,0.06266341574435866,форма
2605,хлюпкий,прилагательное,0,1,1,0,0,0,0,0,0.20887805248119556,форма
2608,холод,существительное,1,1,0,0,0,0,0,0,68.19868413511035,температура
2610,холодить,глагол,1,1,0,0,0,0,0,0,1.7963512513382816,температура
2611,холодненький,прилагательное,1,1,0,0,0,0,0,0,0.5013073259548693,температура
2619,холодно,наречие,1,1,0,0,0,0,0,0,62.64252793911055,температура
2621,холодный,прилагательное,1,1,0,0,0,0,0,0,133.62973407484483,температура
2627,хрупкий,прилагательное,0,1,1,0,1,0,0,0,10.913878242142468,осязание
2631,хрупкость,существительное,0,1,1,0,1,0,0,0,0.845956112548842,осязание
2632,хрусткий,прилагательное,1,1,0,0,0,0,0,0,0.46997561808268995,осязание
2652,цвет,существительное,1,0,1,0,0,0,0,0,144.2302952382655,цвет
2654,цветастый,прилагательное,1,0,1,0,0,0,0,0,0.41775610496239113,цвет
2657,цветной,прилагательное,1,0,1,0,0,0,0,0,28.57451757942755,цвет
2664,червонный,прилагательное,1,0,1,0,0,0,0,0,4.355107394232927,цвет
2669,черно-серый,прилагательное,1,0,1,0,0,0,0,0,0.4595317154586302,цвет
2672,черноватый,прилагательное,1,0,1,0,0,0,0,0,0.751960988932304,цвет
2679,черным-черно,наречие,1,0,1,0,0,0,0,0,0.12532683148871732,цвет
2700,чуточный,прилагательное,1,0,1,0,0,0,0,0,0.08355122099247822,размер
2709,шаровидный,прилагательное,1,0,1,0,0,0,0,0,0.5013073259548693,форма
2710,шаровой,прилагательное,1,0,1,0,0,0,0,0,0.5117512285789291,форма
2712,шарообразный,прилагательное,1,0,1,0,0,0,0,0,1.3368195358796515,форма
2717,шафранный,прилагательное,1,0,1,0,0,0,1,0,0.5221951312029889,цвет
2718,шафрановый,прилагательное,1,0,1,0,0,0,1,0,0.093995123616538,цвет
2721,шелковистость,существительное,1,1,0,0,0,0,0,0,0.05221951312029889,осязание
2722,шелковистый,прилагательное,1,1,0,0,0,0,0,0,2.3916537009096888,осязание
2726,шероховатость,существительное,1,1,0,0,0,0,0,0,1.2637122175112332,осязание
2727,шероховатый,прилагательное,1,1,0,0,0,0,0,0,1.315931730631532,осязание
2729,шершавость,существительное,1,1,0,0,0,0,0,0,0.07310731836841844,осязание
2730,шершавый,прилагательное,1,1,0,0,0,0,0,боль,6.224565963939627,осязание
2731,шибать,глагол,1,0,0,0,0,1,1,0,0.48041952070674976,запах
2738,широкий,прилагательное,1,0,1,0,0,0,0,0,263.43699978928385,размер
2740,широкий-широкий,прилагательное,1,0,1,0,0,0,0,0,0.06266341574435866,размер
2741,широко,наречие,1,0,1,0,0,0,0,0,72.83577690019288,размер
2743,широко-широко,наречие,1,0,1,0,0,0,0,0,0.06266341574435866,размер
2745,широконький,прилагательное,1,0,1,0,0,0,0,0,0.07310731836841844,размер
2751,широченный,прилагательное,1,0,1,0,0,0,0,0,1.221936607014994,размер
2762,шум,существительное,1,0,0,0,1,0,0,0,112.86725565821402,звучать
2763,шуметь,глагол,1,0,0,0,1,0,0,0,45.00277640707358,звучать
2772,щупать,глагол,1,1,0,0,0,0,0,0,7.070522076488469,осязание
2778,эбонитовый,прилагательное,1,0,1,0,0,0,1,0,1.3681512437518308,цвет
2784,эхо,существительное,1,0,0,0,1,0,0,0,18.12017105274371,звучать
2794,яркий,прилагательное,0,0,1,1,1,1,0,0,118.53829478307847,яркость
2795,ярко,наречие,0,0,1,1,1,1,0,0,55.39445951801306,яркость
2796,ярко-белый,прилагательное,1,0,1,0,0,0,0,0,0.49086342333080946,цвет
2797,ярко-голубой,прилагательное,1,0,1,0,0,0,0,0,0.4490878128345704,цвет
2800,ярко-золотой,прилагательное,1,0,1,0,0,0,0,0,0.06266341574435866,цвет
2801,ярко-красный,прилагательное,1,0,1,0,0,0,0,0,3.697141528917161,цвет
2803,ярко-оранжевый,прилагательное,1,0,1,0,0,0,0,0,0.187990247233076,цвет
2804,ярко-розовый,прилагательное,1,0,1,0,0,0,0,0,0.46997561808268995,цвет
2805,ярко-синий,прилагательное,1,0,1,0,0,0,0,0,1.0235024571578581,цвет
2806,ярко-фиолетовый,прилагательное,1,0,1,0,0,0,0,0,0.05221951312029889,цвет
2808,яркость,существительное,0,0,1,1,1,1,1,0,8.762434301586152,яркость
