,Слово,Часть речи,Сенсорная эксклюзивность,Осязание,Зрение,Вкус,Слух,Запах,Устойчивая метафоричность,Дополнительно,xix,Семантическая когорта
3,агатовый,прилагательное,1,0,1,0,0,0,1,0,0.4379397445871709,цвет
7,алебастровый,прилагательное,1,0,1,0,0,0,1,0,1.3403610364637657,цвет
9,алый,прилагательное,1,0,1,0,0,0,0,0,5.666674876930969,цвет
10,амбре,существительное,1,0,0,0,0,1,0,0,0.18579261891576948,запах
11,аметистовый,прилагательное,1,0,1,0,0,0,0,0,0.11943811216013753,цвет
15,аппетит,существительное,1,0,0,1,0,0,0,0,18.765054510492718,вкусный
17,аппетитный,прилагательное,0,0,1,1,0,0,0,0,1.1147557134946169,вкусный
19,аромат,существительное,0,0,0,1,0,1,0,0,10.311490349825206,запах
25,ароматный,прилагательное,0,0,0,1,0,1,0,0,3.0655782121101964,запах
27,аршинный,прилагательное,1,0,1,0,0,0,1,0,1.0616721080901113,размер 
31,асимметрия,существительное,1,0,1,0,0,0,0,0,0.1592508162135167,форма
35,аспидный,прилагательное,1,0,1,0,0,0,0,0,0.9289630945788474,цвет
40,атласный,прилагательное,1,1,0,0,0,0,0,0,7.259183039066136,осязание
48,аховый,прилагательное,1,0,1,0,0,0,1,0,0.7829831797164571,размер 
49,ахроматический,прилагательное,1,0,1,0,0,0,0,0,0.1327090135112639,цвет
53,багрово-красный,прилагательное,1,0,1,0,0,0,0,0,0.18579261891576948,цвет
55,багровый,прилагательное,1,0,1,0,0,0,0,0,10.231864941718449,цвет
56,багряный,прилагательное,1,0,1,0,0,0,0,0,1.61904996483742,цвет
60,бархатистый,прилагательное,0,1,1,1,1,1,0,0,0.4777524486405501,осязание
61,бас,существительное,1,0,0,0,1,0,0,0,12.95239971869936,музыка
69,безвкусный,прилагательное,0,0,1,1,0,0,1,0,1.4730700499750293,вкусный
74,безмерно,наречие,1,0,1,0,0,0,0,глубокий,3.6096851675063784,размер 
76,безмерный,прилагательное,1,0,1,0,0,0,0,глубокий,4.419210149925088,размер 
84,беленький,прилагательное,1,0,1,0,0,0,0,0,7.484788362035284,цвет
86,белесый,прилагательное,1,0,1,0,0,0,0,0,0.18579261891576948,цвет
90,бело-розовый,прилагательное,1,0,1,0,0,0,0,0,0.23887622432027505,цвет
96,белоснежный,прилагательное,1,0,1,0,0,0,0,0,3.9149158985822856,цвет
98,белый,прилагательное,1,0,1,0,0,0,0,0,239.9113546256629,цвет
99,белый-белый,прилагательное,1,0,1,0,0,0,0,0,0.09289630945788474,цвет
106,бессолнечный,прилагательное,1,0,1,0,0,0,1,0,0.07962540810675835,свет
110,бесцветный,прилагательное,1,0,1,0,0,0,0,0,10.192052237665068,цвет
115,бит,существительное,1,0,0,0,1,0,1,0,0.18579261891576948,музыка
118,благовоние,существительное,1,0,0,0,0,1,0,0,1.76502987969981,запах
119,благовонный,прилагательное,1,0,0,0,0,1,0,0,2.985952804003438,запах
120,благозвучие,существительное,1,0,0,0,1,0,0,0,0.35831433648041255,музыка
127,благоухание,существительное,1,0,0,0,0,1,0,0,5.759571186388855,запах
129,благоуханный,прилагательное,1,0,0,0,0,1,0,0,2.0171770053712117,запах
130,благоухать,глагол,1,0,0,0,0,1,0,0,4.286501136413825,запах
138,бледно-голубой,прилагательное,1,0,1,0,0,0,0,0,0.8891503905254683,цвет
141,бледно-розовый,прилагательное,1,0,1,0,0,0,0,0,0.80952498241871,цвет
142,бледно-синий,прилагательное,1,0,1,0,0,0,0,0,0.1725217175646431,цвет
154,блеск,существительное,1,0,1,0,0,0,0,0,53.32248162882584,яркость
155,блестеть,глагол,1,0,1,0,0,0,0,0,25.851715831994213,яркость
158,блестящий,прилагательное,1,0,1,0,0,0,0,0,85.63712641881861,яркость
159,блик,существительное,1,0,1,0,0,0,0,0,0.5308360540450556,яркость
172,большой,прилагательное,1,0,1,0,0,0,0,0,1107.2841960339329,размер 
173,большой-большой,прилагательное,1,0,1,0,0,0,0,0,0.10616721080901113,размер 
174,большой-пребольшой,прилагательное,1,0,1,0,0,0,0,0,0.09289630945788474,размер 
175,большущий,прилагательное,1,0,1,0,0,0,0,0,2.8665146918433004,размер 
195,бурдон,существительное,1,0,0,0,1,0,0,0,0.22560532296914865,музыка
198,буро-красный,прилагательное,1,0,1,0,0,0,0,0,0.1592508162135167,цвет
202,бурый,прилагательное,1,0,1,0,0,0,0,0,8.108520725538225,цвет
205,васильковый,прилагательное,1,0,1,0,0,0,1,0,0.4379397445871709,цвет
209,великанский,прилагательное,1,0,1,0,0,0,0,0,0.1725217175646431,размер 
227,веять,глагол,1,0,0,0,0,1,1,0,16.389563168641093,запах
256,вкус,существительное,1,0,0,1,0,0,1,0,91.27725949304731,вкусный
258,вкусить,глагол,1,0,0,1,0,0,0,0,6.409845352594047,вкусный
261,вкусно,наречие,1,0,0,1,0,0,0,0,4.167063024253687,вкусный
265,вкусный,прилагательное,1,0,0,1,0,0,0,0,18.31384386455442,вкусный
269,вкусовой,прилагательное,1,0,0,1,0,0,0,0,0.5971905608006876,вкусный
270,вкушение,существительное,1,0,0,1,0,0,0,0,0.6370032648540668,вкусный
271,влага,существительное,1,1,0,0,0,0,0,0,8.466835062018639,осязание
272,влажность,существительное,1,1,0,0,0,0,0,0,2.6939929742786575,атмосфера
273,влажный,прилагательное,1,1,0,0,0,0,0,0,11.386433359266444,атмосфера
279,возглас,существительное,1,0,0,0,1,0,0,0,17.968800429425134,голос
286,вонища,существительное,1,0,0,0,0,1,0,0,0.07962540810675835,вонь
288,вонь,существительное,1,0,0,0,0,1,0,0,4.843878993161133,вонь
291,вонючий,прилагательное,1,0,0,0,0,1,0,0,6.423116253945174,вонь
292,вонючка,существительное,1,0,0,0,0,1,0,0,0.06635450675563195,вонь
306,востренький,прилагательное,1,1,0,0,0,0,0,0,0.41139794188491813,осязание
307,вострый,прилагательное,1,1,0,0,0,0,0,0,5.507424060717453,осязание
313,вскрик,существительное,1,0,0,0,1,0,0,0,0.35831433648041255,голос
314,вскрикивать,глагол,1,0,0,0,1,0,0,0,6.807972393127839,голос
316,вскрикнуть,глагол,1,0,0,0,1,0,0,0,43.66126544520583,голос
319,всплеск,существительное,1,0,0,0,1,0,0,0,1.9640933999667058,звучать
321,втора,существительное,1,0,0,0,1,0,0,0,2.8797855931944274,музыка
333,выкрик,существительное,1,0,0,0,1,0,0,0,1.1014848121434906,голос
334,выкрикивать,глагол,1,0,0,0,1,0,0,0,5.4012568499084415,голос
337,выкрикнуть,глагол,1,0,0,0,1,0,0,0,1.526153655379535,голос
343,вымокнуть,глагол,1,1,0,0,0,0,0,0,0.7033577716096988,атмосфера
346,выпукло,наречие,0,1,1,0,0,0,0,0,0.5175651526939292,форма
347,выпуклость,существительное,0,1,1,0,0,0,0,0,1.7915716824020629,форма
348,выпуклый,прилагательное,0,1,1,0,0,0,0,0,5.865738397197865,форма
358,высокий,прилагательное,0,0,1,0,1,0,0,0,525.7532988275742,размер
362,высоченный,прилагательное,0,0,1,0,1,0,0,0,0.07962540810675835,размер
368,вытянутый,прилагательное,1,0,1,0,0,0,0,0,5.759571186388855,размер
370,вяжущий,причастие,0,1,0,1,0,0,0,0,0.5042942513428029,вкусный
371,вязкий,прилагательное,0,1,0,1,0,0,0,0,1.4465282472727767,вещество
372,вязко,наречие,0,1,0,1,0,0,0,0,0.1592508162135167,вещество
373,вязкость,существительное,0,1,0,1,0,0,0,0,0.29195982972478063,вещество
385,гам,существительное,1,0,0,0,1,0,0,0,7.232641236363884,звучать
386,гамма,существительное,1,0,0,0,1,0,0,0,2.003906104020085,музыка
388,гвалт,существительное,1,0,0,0,1,0,0,0,3.875103194528907,звучать
397,гигантский,прилагательное,1,0,1,0,0,0,0,0,10.311490349825206,размер 
401,гладенький,прилагательное,1,1,1,0,0,0,0,0,0.6370032648540668,осязание
402,гладкий,прилагательное,1,1,1,0,0,0,1,0,22.149134355029947,осязание
403,гладко,наречие,1,1,1,0,0,0,1,0,9.435610860650865,осязание
409,глас,существительное,1,0,0,0,1,0,0,0,13.231088647073012,звучать
425,глубина,существительное,0,0,1,1,1,0,0,0,99.58484373885244,размер
429,глубоко,наречие,0,0,1,1,1,0,0,0,83.11565516210459,размер
430,глубоко-глубоко,наречие,0,0,1,1,1,0,0,0,0.42466884323604454,размер
455,гнедой,прилагательное,1,0,1,0,0,0,0,0,2.8797855931944274,цвет
456,гнилостный,прилагательное,1,0,0,0,0,1,0,0,0.7033577716096988,вонь
461,голос,существительное,1,0,0,0,1,0,0,0,518.6533666047217,голос
462,голубенький,прилагательное,1,0,1,0,0,0,0,0,0.7166286729608251,цвет
463,голубовато-серый,прилагательное,1,0,1,0,0,0,0,0,0.1327090135112639,цвет
465,голубоватый,прилагательное,1,0,1,0,0,0,0,0,1.9242806959133267,цвет
466,голубой,прилагательное,1,0,1,0,0,0,0,0,51.7963279734463,цвет
468,гомон,существительное,1,0,0,0,1,0,0,0,0.7829831797164571,звучать
470,горечь,существительное,1,0,0,1,0,0,1,0,17.10619184160192,вкусный
477,горький,прилагательное,0,0,0,1,0,1,1,0,67.77449320020249,вкусный
480,горько,наречие,0,0,0,1,0,1,1,0,38.140570483137246,вкусный
484,горьковатый,прилагательное,0,0,0,1,0,1,0,0,0.3981270405337917,вкусный
486,горьконький,прилагательное,1,0,0,1,0,0,1,0,0.11943811216013753,вкусный
494,горяченький,прилагательное,1,1,0,0,0,0,0,0,1.0749430094412378,температура
495,горячий,прилагательное,1,1,0,0,0,0,1,0,83.60667851209627,температура
496,горячо,наречие,1,1,0,0,0,0,1,0,47.52309773838361,температура
497,гранатовый,прилагательное,1,0,1,0,0,0,1,0,0.80952498241871,цвет
504,громадный,прилагательное,1,0,1,0,0,0,0,0,95.61684423486565,размер 
509,громыхание,существительное,1,0,0,0,1,0,0,0,0.2654180270225278,звучать
510,громыхать,глагол,1,0,0,0,1,0,0,0,1.2209229243036281,звучать
512,грохотать,глагол,1,0,0,0,1,0,0,0,1.9906352026689587,звучать
520,грязно-белый,прилагательное,1,0,1,0,0,0,0,0,0.1327090135112639,цвет
523,грязно-серый,прилагательное,1,0,1,0,0,0,0,0,0.1592508162135167,цвет
526,гул,существительное,1,0,0,0,1,0,0,0,14.690887795696916,звучать
527,гулкий,прилагательное,1,0,0,0,1,0,0,0,1.6057790634862934,звучать
528,гулко,наречие,1,0,0,0,1,0,0,0,1.8844679918599476,звучать
531,гунявый,прилагательное,1,0,0,0,0,1,0,0,0.1592508162135167,вонь
536,густо-синий,прилагательное,1,0,1,0,0,0,0,0,0.07962540810675835,цвет
556,десертный,прилагательное,0,0,0,1,0,1,1,0,0.2786889283736542,вкусный
561,диссонанс,существительное,1,0,0,0,1,0,1,0,2.176427821584728,музыка
566,длинненький,прилагательное,0,0,1,0,1,0,0,0,0.10616721080901113,размер
567,длинно,наречие,0,0,1,0,1,0,0,0,3.23809992967484,размер
571,длинноватый,прилагательное,0,0,1,0,1,0,0,0,0.35831433648041255,размер
573,длинный,прилагательное,0,0,1,0,1,0,0,0,200.35079769795513,размер
574,длинный-длинный,прилагательное,0,0,1,0,1,0,0,0,0.6502741662051933,размер
575,длинный-предлинный,прилагательное,0,0,1,0,1,0,0,0,0.5706487580984348,размер
589,доноситься,глагол,1,0,0,0,1,0,1,0,14.916493118666065,звучать
604,духан,существительное,1,0,0,0,0,1,0,0,0.4379397445871709,вонь
609,духовитый,прилагательное,1,0,0,0,0,1,0,0,0.10616721080901113,запах
610,духота,существительное,1,1,0,0,0,0,0,0,7.219370335012757,атмосфера
611,душисто,наречие,1,0,0,0,0,1,0,0,0.10616721080901113,запах
613,душистый,прилагательное,1,0,0,0,0,1,0,0,11.2139116417018,запах
614,душок,существительное,1,0,0,0,0,1,0,0,0.7298995743119516,вонь
615,дымчато-серый,прилагательное,1,0,1,0,0,0,0,0,0.06635450675563195,цвет
617,дымчатый,прилагательное,1,0,1,0,0,0,0,0,1.9773643013178326,цвет
618,дюжий,прилагательное,1,0,1,0,0,0,0,0,5.507424060717453,размер 
619,едкий,прилагательное,0,1,0,1,0,1,1,0,11.850914906555866,вонь
620,едко,наречие,0,1,0,1,0,1,1,0,1.3669028391660183,вонь
621,едкость,существительное,0,1,0,1,0,1,1,0,0.9289630945788474,вонь
624,жар,существительное,1,1,0,0,0,0,1,0,44.15228879519751,атмосфера
625,жара,существительное,1,1,0,0,0,0,1,0,31.757266933245454,атмосфера
626,жареный,прилагательное,0,1,0,1,0,1,0,0,10.457470264687597,вкусный
628,жарища,существительное,1,1,0,0,0,0,0,0,0.18579261891576948,атмосфера
629,жаркий,прилагательное,1,1,0,0,0,0,1,0,21.12727495099322,атмосфера
630,жарко,наречие,1,1,0,0,0,0,0,0,19.428599578049038,атмосфера
634,жарынь,существительное,1,1,0,0,0,0,0,0,0.14597991486239031,атмосфера
636,жгучесть,существительное,0,1,0,1,0,1,0,горячий,0.30523073107590704,осязание
637,жгучий,прилагательное,0,1,0,1,0,1,0,горячий,13.098379633561748,осязание
645,желтовато-красный,прилагательное,1,0,1,0,0,0,0,0,0.11943811216013753,цвет
652,жирненький,прилагательное,0,1,1,0,0,0,0,0,0.1327090135112639,вкусный
673,загрубелый,прилагательное,1,1,0,0,0,0,0,0,0.7298995743119516,осязание
678,закиснуть,глагол,1,0,0,1,0,0,1,0,0.25214712567140146,вкусный
680,закругление,существительное,1,0,1,0,0,0,0,0,0.25214712567140146,форма
682,закруглить,глагол,1,0,1,0,0,0,0,0,1.6057790634862934,форма
685,заливаться,глагол,1,0,0,0,1,0,1,0,13.098379633561748,звучать
706,запах,существительное,1,0,0,0,0,1,0,0,48.94308418295414,запах
711,запашок,существительное,1,0,0,0,0,1,0,0,0.11943811216013753,вонь
727,застылый,причастие,1,1,0,0,0,0,0,0,5.188922428290419,температура
728,засуха,существительное,1,1,0,0,0,0,0,0,5.374715047206188,атмосфера
729,засушливый,прилагательное,1,1,0,0,0,0,0,0,0.11943811216013753,атмосфера
733,затверделый,прилагательное,1,1,0,0,0,0,0,0,0.3450434351292862,осязание
734,затвердеть,глагол,1,1,0,0,0,0,0,0,0.4777524486405501,осязание
743,затхлый,прилагательное,1,0,0,1,0,1,0,0,2.0171770053712117,запах
748,зачерствелый,прилагательное,1,1,0,0,0,0,1,0,0.42466884323604454,вкусный
749,зачерстветь,глагол,1,1,0,0,0,0,1,0,0.6370032648540668,вкусный
753,звенеть,глагол,1,0,0,0,1,0,0,0,11.558955076831086,звучать
755,звенящий,причастие,1,0,0,0,1,0,0,0,1.725217175646431,звучать
756,звон,существительное,1,0,0,0,1,0,0,0,28.121039963036825,звучать
757,звонить,глагол,1,0,0,0,1,0,0,0,14.239677149758618,звучать
758,звонкий,прилагательное,1,0,0,0,1,0,0,0,17.424693474028953,звучать
759,звонко,наречие,1,0,0,0,1,0,0,0,7.949269909324708,звучать
760,звонкость,существительное,1,0,0,0,1,0,0,0,0.11943811216013753,звучать
761,звонок,существительное,1,0,0,0,1,0,0,0,24.5378965982327,звучать
763,звук,существительное,1,0,0,0,1,0,0,0,131.47481968560916,звучать
764,звучание,существительное,0,0,0,0,1,1,0,аромат,0.4777524486405501,звучать
768,здоровенный,прилагательное,1,0,1,0,0,0,0,0,4.950046203970144,размер 
775,зеленовато-голубой,прилагательное,1,0,1,0,0,0,0,0,0.25214712567140146,цвет
776,зеленоватый,прилагательное,1,0,1,0,0,0,0,0,4.950046203970144,цвет
783,землистый,прилагательное,1,0,1,0,0,0,0,0,1.088213910792364,цвет
788,златой,прилагательное,1,0,1,0,0,0,0,0,3.1584745215680816,цвет
789,зловоние,существительное,1,0,0,0,0,1,0,0,1.831384386455442,вонь
791,зловонный,прилагательное,1,0,0,0,0,1,0,0,1.61904996483742,вонь
795,зной,существительное,1,1,0,0,0,0,0,0,10.44419936333647,атмосфера
797,знойно,наречие,1,1,0,0,0,0,0,0,0.2786889283736542,атмосфера
798,знойный,существительное,1,1,0,0,0,0,1,0,6.316949043136163,атмосфера
799,золотенький,прилагательное,1,0,1,0,0,0,0,0,0.1327090135112639,цвет
800,золотисто-красный,прилагательное,1,0,1,0,0,0,0,0,0.06635450675563195,цвет
801,золотистый,прилагательное,1,0,1,0,0,0,0,0,7.8829154025690755,цвет
820,зябко,наречие,1,1,0,0,0,0,0,0,0.18579261891576948,температура
826,изгиб,существительное,0,1,1,0,0,0,0,гибкий,5.613591271526463,форма
827,изгибать,глагол,0,1,1,0,0,0,0,гибкий,0.22560532296914865,форма
828,изгибаться,глагол,0,1,1,0,0,0,0,гибкий,2.601096664820773,форма
836,издавание,существительное,1,0,0,0,1,0,0,0,0.06635450675563195,звучать
858,изумрудный,прилагательное,1,0,1,0,0,0,1,0,2.9461400999500587,цвет
865,индиго,прилагательное,1,0,1,0,0,0,1,0,1.154568417547996,цвет
874,искривить,глагол,1,0,1,0,0,0,0,0,2.9992237053545647,форма
875,искривиться,глагол,1,0,1,0,0,0,0,0,0.8891503905254683,форма
876,искривление,существительное,1,0,1,0,0,0,0,0,0.5573778567473084,форма
913,какофония,существительное,1,0,0,0,1,0,0,0,0.19906352026689586,музыка
917,камертон,существительное,1,0,0,0,1,0,0,0,1.6986753729441781,музыка
919,канареечный,прилагательное,1,0,1,0,0,0,1,0,0.3450434351292862,цвет
921,караковый,прилагательное,1,0,1,0,0,0,0,0,0.5308360540450556,цвет
923,карий,прилагательное,1,0,1,0,0,0,0,0,5.096026118832534,цвет
925,кармазинный,прилагательное,1,0,1,0,0,0,0,0,0.5042942513428029,цвет
929,карминовый,прилагательное,1,0,1,0,0,0,0,0,0.06635450675563195,цвет
940,каштановый,прилагательное,1,0,1,0,0,0,0,0,3.3708089431861037,цвет
941,квадрат,существительное,1,0,1,0,0,0,0,0,5.082755217481409,форма
942,квадратный,прилагательное,1,0,1,0,0,0,0,0,8.93131660930806,форма
944,квас,существительное,0,0,0,1,0,1,1,0,15.221723849741972,вкусный
947,квашеный,прилагательное,1,0,0,1,0,0,0,0,0.5175651526939292,вкусный
954,кирпично-красный,прилагательное,1,0,1,0,0,0,1,0,0.1327090135112639,цвет
956,кисленький,прилагательное,1,0,0,1,0,0,0,0,0.7298995743119516,вкусный
959,кисло,наречие,1,0,0,1,0,0,0,0,1.6986753729441781,вкусный
960,кисловато,наречие,1,0,0,1,0,0,0,0,0.10616721080901113,вкусный
961,кислота,существительное,1,0,0,1,0,0,1,0,88.87522634849344,вкусный
962,кислотность,существительное,1,0,0,1,0,0,0,0,0.2786889283736542,вкусный
963,кислый,прилагательное,1,0,0,1,0,0,1,0,17.87590411996725,вкусный
964,кислятина,существительное,1,0,0,1,0,0,0,0,0.676815968907446,вкусный
969,колкий,прилагательное,1,1,0,0,0,0,1,0,2.6939929742786575,осязание
970,колко,наречие,1,1,0,0,0,0,1,0,0.8891503905254683,осязание
973,колоритный,прилагательное,0,0,1,1,0,1,0,0,0.30523073107590704,яркость
977,колючий,прилагательное,1,1,0,0,0,0,0,0,5.268547836397177,осязание
978,колющий,прилагательное,1,1,0,0,0,0,0,0,0.1725217175646431,осязание
992,коралловый,прилагательное,1,0,1,0,0,0,1,0,1.28727743105926,цвет
994,коричневатый,прилагательное,1,0,1,0,0,0,0,0,0.14597991486239031,цвет
998,коричневый,прилагательное,1,0,1,0,0,0,0,0,10.019530520100425,цвет
1001,коротенек,наречие,0,0,1,0,1,0,0,0,0.7697122783653307,размер
1003,коротенький,прилагательное,0,0,1,0,1,0,0,0,15.181911145688593,размер
1005,короткий,прилагательное,0,0,1,0,1,0,0,0,93.9845233686771,размер
1006,коротко,наречие,0,0,1,0,1,0,0,0,24.02033144553877,размер
1008,коротковатый,прилагательное,0,0,1,0,1,0,0,0,0.06635450675563195,размер
1011,корявый,прилагательное,1,0,1,0,0,0,0,0,2.8665146918433004,форма
1013,красненький,прилагательное,1,0,1,0,0,0,0,0,3.3840798445372298,цвет
1015,красно-коричневый,прилагательное,1,0,1,0,0,0,0,0,0.07962540810675835,цвет
1017,красно-фиолетовый,прилагательное,1,0,1,0,0,0,0,0,0.21233442161802227,цвет
1019,красновато-коричневый,прилагательное,1,0,1,0,0,0,0,0,0.1592508162135167,цвет
1024,красный,прилагательное,1,0,1,0,0,0,0,0,199.54127271553642,цвет
1029,красочный,прилагательное,0,0,1,1,0,0,1,яркий,0.1725217175646431,яркость
1039,кривой,прилагательное,1,0,1,0,0,0,0,0,6.95395230799023,форма
1040,кроваво-красный,прилагательное,1,0,1,0,0,0,1,0,0.3317725337781598,цвет
1045,крохотный,прилагательное,1,0,1,0,0,0,0,0,3.9679995039867912,размер
1048,крошечный,прилагательное,1,0,1,0,0,0,0,0,19.335703268591153,размер
1049,круг,существительное,1,0,1,0,0,0,0,0,115.56300896560862,форма
1052,круглый,прилагательное,1,0,1,0,0,0,0,0,59.3872835462906,форма
1054,крючковатый,прилагательное,1,0,1,0,0,0,0,0,1.0749430094412378,форма
1055,кумачный,прилагательное,1,0,1,0,0,0,0,0,0.9555048972811002,цвет
1056,кумачовый,прилагательное,1,0,1,0,0,0,0,0,0.42466884323604454,цвет
1059,лазоревый,прилагательное,1,0,1,0,0,0,0,0,1.9375515972644535,цвет
1060,лазуревый,прилагательное,1,0,1,0,0,0,0,0,0.10616721080901113,цвет
1063,лазурный,прилагательное,1,0,1,0,0,0,0,0,1.6986753729441781,цвет
1064,лакомый,прилагательное,1,0,0,1,0,0,1,0,5.374715047206188,вкусный
1073,леденящий,прилагательное,1,1,0,0,0,0,1,0,0.9555048972811002,температура
1074,ледышка,существительное,1,1,0,0,0,0,0,0,0.09289630945788474,температура
1075,ледяной,прилагательное,1,1,0,0,0,0,0,0,16.084332437565187,температура
1077,лилейный,прилагательное,1,0,1,0,0,0,0,0,0.4512106459382973,цвет
1078,лиловатый,прилагательное,1,0,1,0,0,0,0,0,0.2786889283736542,цвет
1079,лиловый,прилагательное,1,0,1,0,0,0,0,0,5.188922428290419,цвет
1082,лимонный,прилагательное,0,0,1,1,0,0,0,0,3.1452036202169547,цвет
1083,ломкий,прилагательное,1,1,0,0,0,0,0,0,0.4644815472894237,осязание
1104,малахитовый,прилагательное,1,0,1,0,0,0,1,0,0.5308360540450556,цвет
1105,маленький,прилагательное,1,0,1,0,0,0,0,0,453.0287594234016,размер
1106,маленький-маленький,прилагательное,1,0,1,0,0,0,0,0,0.5839196594495613,размер
1115,малиновый,прилагательное,1,0,1,0,0,0,1,0,7.1662867296082515,цвет
1128,малосольный,прилагательное,1,0,0,1,0,0,0,0,0.25214712567140146,вкусный
1131,малый,прилагательное,1,0,1,0,0,0,0,0,311.5211383163409,размер
1132,малюсенький,прилагательное,1,0,1,0,0,0,0,0,0.4379397445871709,размер
1136,масленый,прилагательное,1,1,0,0,0,0,0,0,2.508200355362888,осязание
1137,маслянистый,прилагательное,1,1,0,0,0,0,0,0,1.526153655379535,осязание
1141,матово-белый,прилагательное,1,0,1,0,0,0,0,0,0.1725217175646431,цвет
1145,матовый,прилагательное,0,1,1,0,0,0,0,0,8.214687936347236,яркость
1149,махонький,прилагательное,1,0,1,0,0,0,0,0,3.875103194528907,размер
1156,мгла,существительное,1,0,1,0,0,0,0,0,8.135062528240478,свет
1158,мглистый,прилагательное,1,0,1,0,0,0,0,0,0.6635450675563196,свет
1161,медно-красный,прилагательное,1,0,1,0,0,0,0,0,0.3450434351292862,цвет
1163,медовый,прилагательное,1,0,1,0,0,0,1,0,4.6315445715431105,вкусный
1165,мелкий,прилагательное,1,0,1,0,0,0,0,0,134.64656510852836,размер
1166,меловой,прилагательное,1,0,1,0,0,0,1,0,2.8001601850876687,цвет
1168,мелодичность,существительное,1,0,0,0,1,0,0,0,0.23887622432027505,музыка
1169,мелодичный,прилагательное,1,0,0,0,1,0,0,0,1.2076520229525016,музыка
1170,мелодия,существительное,1,0,0,0,1,0,0,0,8.307584245805122,музыка
1180,мертвенно-бледный,прилагательное,1,0,1,0,0,0,1,0,0.37158523783153896,цвет
1184,миниатюрный,прилагательное,1,0,1,0,0,0,0,0,5.135838822885914,размер
1191,многоугольный,прилагательное,1,0,1,0,0,0,0,0,0.21233442161802227,форма
1192,модуляция,существительное,1,0,0,0,1,0,0,0,0.19906352026689586,музыка
1194,мокренек,прилагательное,1,1,0,0,0,0,0,0,0.25214712567140146,атмосфера
1198,мокро,наречие,1,1,0,0,0,0,0,0,1.2740065297081336,атмосфера
1200,мокрый,прилагательное,1,1,0,0,0,0,0,0,30.098404264354656,атмосфера
1203,молочно-белый,прилагательное,1,0,1,0,0,0,0,0,0.5175651526939292,цвет
1209,морозно,наречие,1,1,0,0,0,0,0,0,0.6237323635029405,температура
1210,морозный,прилагательное,1,1,0,0,0,0,0,0,6.807972393127839,температура
1217,мрачно,наречие,1,0,1,0,0,0,1,0,15.84545621324491,свет
1218,мрачный,прилагательное,1,0,1,0,0,0,1,0,76.04226474195421,свет
1220,музыка,существительное,1,0,0,0,1,0,0,0,104.80030796984511,музыка
1224,мутно,наречие,1,0,1,0,0,0,1,0,0.8360667851209627,свет
1227,мутно-серый,прилагательное,1,0,1,0,0,0,0,0,0.06635450675563195,цвет
1228,мутный,прилагательное,1,0,1,0,0,0,1,0,17.43796437538008,свет
1230,мухортый,прилагательное,1,0,1,0,0,0,1,0,0.1592508162135167,цвет
1232,мышастый,прилагательное,1,0,1,0,0,0,1,0,0.10616721080901113,цвет
1235,мягкий,прилагательное,0,1,0,1,1,1,0,0,72.69799760147038,осязание
1237,мягко,наречие,0,1,0,1,1,1,0,0,12.899316113294852,осязание
1242,мяконький,прилагательное,0,1,0,1,1,1,0,0,0.19906352026689586,осязание
1254,налитой,прилагательное,0,0,1,1,0,0,0,полный,3.822019589124401,вкусный
1255,намокнуть,глагол,1,1,0,0,0,0,0,0,0.9820466999833529,атмосфера
1258,напев,существительное,1,0,0,0,1,0,0,0,4.19360482695594,музыка
1270,неаппетитный,прилагательное,1,0,0,1,0,0,0,0,0.07962540810675835,вкусный
1272,небесно-голубой,прилагательное,1,0,1,0,0,0,0,0,0.23887622432027505,цвет
1275,небесный,прилагательное,1,0,1,0,0,0,1,0,65.0672293245727,цвет
1277,неблестящий,прилагательное,1,0,1,0,0,0,0,0,0.30523073107590704,яркость
1278,небольшой,прилагательное,1,0,1,0,0,0,0,0,244.80831722422855,размер
1282,невеликий,прилагательное,1,0,1,0,0,0,0,0,1.1811102202502488,размер
1287,невзрачно,наречие,1,0,1,0,0,0,0,0,0.10616721080901113,яркость
1288,невзрачный,прилагательное,1,0,1,0,0,0,0,0,5.016400710725776,яркость
1289,невкусный,прилагательное,1,0,0,1,0,0,0,0,1.0085885026856058,вкусный
1298,неглубокий,прилагательное,1,0,1,0,0,0,0,0,2.9195982972478065,размер
1314,недлинный,прилагательное,0,0,1,0,1,0,0,0,0.5308360540450556,размер
1317,недюжинный,прилагательное,1,0,1,0,0,0,0,0,2.8001601850876687,размер 
1321,нежно-голубой,прилагательное,1,0,1,0,0,0,0,0,0.2786889283736542,цвет
1324,нежно-розовый,прилагательное,1,0,1,0,0,0,0,0,0.3450434351292862,цвет
1327,нежный,прилагательное,0,1,1,1,1,1,0,0,85.3318956877427,осязание
1339,некрепкий,прилагательное,0,1,1,1,0,1,0,0,0.5042942513428029,осязание
1340,некрепко,наречие,0,1,1,1,0,1,0,0,0.25214712567140146,осязание
1344,немаленький,прилагательное,1,0,1,0,0,0,0,0,0.3185016324270334,размер 
1345,немалый,прилагательное,1,0,1,0,0,0,0,0,20.795502417215058,размер 
1356,неостывший,прилагательное,1,1,0,0,0,0,0,0,0.2654180270225278,температура
1363,неприглядный,прилагательное,1,0,1,0,0,0,0,0,3.3973507458883563,яркость
1369,непроглядный,прилагательное,1,0,1,0,0,0,0,0,3.423892548590609,свет
1371,неровно,наречие,0,1,1,0,0,0,0,0,2.269324131042613,форма
1372,неровность,существительное,0,1,1,0,0,0,0,0,3.277912633728219,форма
1373,неровный,прилагательное,0,1,1,0,0,0,0,0,10.15223953361169,форма
1375,несладкий,прилагательное,0,0,0,1,0,1,0,0,0.09289630945788474,вкусный
1376,несладко,наречие,0,0,0,1,0,1,0,0,0.23887622432027505,вкусный
1383,несъедобный,прилагательное,1,0,0,1,0,0,0,0,0.19906352026689586,вкусный
1384,нетвёрдый,прилагательное,0,1,0,0,1,0,0,0,3.3973507458883563,осязание
1396,неширокий,прилагательное,1,0,1,0,0,0,0,0,2.070260610775717,форма
1399,неяркий,прилагательное,1,0,1,0,0,0,0,0,0.2786889283736542,яркость
1406,низенький,прилагательное,0,0,1,0,1,0,0,0,14.518366078132273,размер
1408,низкий,прилагательное,0,0,1,0,1,0,0,0,96.98374707403167,размер
1409,низко,наречие,0,0,1,0,1,0,0,0,26.780678926573056,размер
1410,нота,существительное,1,0,0,0,1,1,1,аромат,30.64251121975084,музыка
1418,обертон,существительное,1,0,0,0,1,0,0,0,0.1592508162135167,музыка
1434,объедение,существительное,1,0,0,1,0,0,0,0,0.6502741662051933,вкусный
1435,овал,существительное,1,0,1,0,0,0,0,0,1.393444641868271,форма
1436,овально,наречие,1,0,1,0,0,0,0,0,0.06635450675563195,форма
1441,овальный,прилагательное,1,0,1,0,0,0,0,0,3.9812704053379173,форма
1453,огненно-красный,прилагательное,1,0,1,0,0,0,0,0,0.14597991486239031,цвет
1459,огромный,прилагательное,1,0,1,0,0,0,0,0,190.9284577386554,размер 
1460,огрубелый,прилагательное,1,1,0,0,0,0,0,0,0.6370032648540668,осязание
1461,одеревенелый,прилагательное,1,1,0,0,0,0,1,0,0.25214712567140146,осязание
1467,окрик,существительное,1,0,0,0,1,0,0,0,3.954728602635665,голос
1469,окрикивать,глагол,1,0,0,0,1,0,0,0,0.06635450675563195,голос
1471,округло,наречие,1,0,1,0,0,0,0,0,0.07962540810675835,форма
1472,округлость,существительное,1,0,1,0,0,0,0,0,0.8626085878232155,форма
1473,округлый,прилагательное,0,1,1,0,0,0,0,0,1.3669028391660183,форма
1487,ор,существительное,1,0,0,0,1,0,0,0,2.1233442161802225,голос
1490,оранжево-красный,прилагательное,1,0,1,0,0,0,0,0,0.07962540810675835,цвет
1492,оранжевый,прилагательное,1,0,1,0,0,0,0,0,2.8001601850876687,цвет
1493,орать,существительное,1,0,0,0,1,0,1,0,6.5956379715098175,голос
1496,освещать,глагол,1,0,1,0,0,0,1,0,21.392692978015745,свет
1497,освещение,существительное,1,0,1,0,0,0,1,0,21.419234780717996,свет
1500,осклизлый,прилагательное,1,1,0,0,0,0,0,0,0.25214712567140146,осязание
1501,ослепительный,прилагательное,1,0,1,0,0,0,1,0,5.4012568499084415,яркость
1503,ослеплять,глагол,1,0,1,0,0,0,0,0,3.702581476964263,яркость
1507,ослизлый,прилагательное,1,1,0,0,0,0,0,0,0.2654180270225278,осязание
1516,остренький,прилагательное,0,1,1,1,0,1,1,0,0.38485613918266537,осязание
1519,островерхий,прилагательное,0,1,1,0,0,0,0,0,0.41139794188491813,форма
1520,остроконечный,прилагательное,0,1,1,0,0,0,0,0,4.936775302619018,форма
1522,острота,существительное,0,1,1,1,0,1,1,0,16.747877505121505,форма
1528,остылый,прилагательное,1,1,0,0,0,0,1,0,0.5706487580984348,температура
1529,осязание,существительное,1,1,0,0,0,0,0,0,2.309136835095992,осязание
1530,отблеск,существительное,1,0,1,0,0,0,0,0,5.653403975579843,свет
1538,отголосок,существительное,1,0,0,0,1,0,0,0,8.758794891743419,звучать
1540,отзвук,существительное,1,0,0,0,1,0,0,0,1.3801737405171448,звучать
1548,отсвечивать,глагол,1,0,1,0,0,0,0,0,0.6370032648540668,свет
1550,отсырелый,причастие,1,1,0,0,0,0,0,0,0.2786889283736542,атмосфера
1551,отсыреть,глагол,1,1,0,0,0,0,0,0,0.6635450675563196,атмосфера
1553,оттенок,существительное,0,0,1,1,1,1,0,"вкус, аромат",32.79239723863331,цвет
1560,охладелый,прилагательное,1,1,0,0,0,0,1,0,0.5573778567473084,температура
1566,ощупывать,глагол,1,1,0,0,0,0,0,0,4.512106459382974,осязание
1567,ощупь,существительное,1,1,0,0,0,0,0,0,0.5706487580984348,осязание
1579,палящий,прилагательное,1,1,0,0,0,0,1,0,4.419210149925088,атмосфера
1585,паточный,прилагательное,1,0,0,1,0,0,1,0,0.21233442161802227,вкусный
1586,пахнуть,глагол,1,0,0,0,0,1,0,0,35.340410298049584,запах
1588,пахучесть,существительное,1,0,0,0,0,1,0,0,0.09289630945788474,запах
1589,пахучий,прилагательное,1,0,0,0,0,1,0,0,3.729123279666516,запах
1592,пекло,существительное,1,1,0,0,0,0,1,0,3.476976153995115,атмосфера
1594,пение,существительное,1,0,0,0,1,0,0,0,50.668301358600566,звучать
1596,пепельно-серый,прилагательное,1,0,1,0,0,0,0,0,0.06635450675563195,цвет
1606,перезвон,существительное,1,0,0,0,1,0,0,0,1.2740065297081336,звучать
1623,перламутровый,прилагательное,1,0,1,0,0,0,1,0,1.5792372607840408,цвет
1629,песня,существительное,1,0,0,0,1,0,0,0,162.68797966345844,музыка
1632,петь,глагол,1,0,0,0,1,0,0,0,138.21643757198137,музыка
1644,плоский,прилагательное,0,0,1,0,1,0,0,0,22.04296714422094,размер
1646,плоскость,существительное,0,0,1,0,1,0,1,0,14.558178782185651,размер
1649,плотный,прилагательное,0,1,1,1,1,1,0,0,21.88371632800742,осязание
1654,повеять,глагол,1,0,0,0,0,1,0,0,4.485564656680721,запах
1662,подголосок,существительное,1,0,0,0,1,0,0,0,0.19906352026689586,голос
1665,подмоклый,причастие,1,1,0,0,0,0,0,0,0.09289630945788474,атмосфера
1666,подмокнуть,глагол,1,1,0,0,0,0,0,0,0.30523073107590704,атмосфера
1672,покато,прилагательное,1,0,1,0,0,0,0,0,0.22560532296914865,форма
1673,покатость,существительное,1,0,1,0,0,0,0,0,2.9461400999500587,форма
1674,покатый,прилагательное,1,0,1,0,0,0,0,0,2.9063273958966795,форма
1679,полутон,существительное,0,0,1,1,1,1,1,0,0.5042942513428029,цвет
1683,попахивать,глагол,1,0,0,0,0,1,0,0,0.6370032648540668,вонь
1684,поперчить,глагол,1,0,0,1,0,0,0,0,0.11943811216013753,вкусный
1694,поющий,причастие,1,0,0,0,1,0,0,0,0.10616721080901113,музыка
1696,пребольшой,прилагательное,1,0,1,0,0,0,0,0,1.3138192337615127,размер 
1697,превкусный,прилагательное,1,0,0,1,0,0,0,0,0.6370032648540668,вкусный
1698,преглубокий,прилагательное,0,0,1,1,1,0,0,0,0.1592508162135167,размер
1701,прегорько,наречие,0,0,0,1,0,1,0,0,0.07962540810675835,вкусный
1702,прегорячий,прилагательное,1,1,0,0,0,0,0,0,0.06635450675563195,температура
1704,предлинный,прилагательное,0,0,1,0,1,0,0,0,2.0171770053712117,размер
1705,прежирный,прилагательное,0,1,1,0,0,0,0,0,0.11943811216013753,вкусный
1709,премаленький,прилагательное,1,0,1,0,0,0,0,0,0.06635450675563195,размер
1711,премягкий,прилагательное,0,1,1,1,1,1,0,0,0.09289630945788474,осязание
1719,пресветлый,прилагательное,1,0,1,0,0,0,0,0,1.6057790634862934,яркость
1723,пресладкий,прилагательное,1,0,0,1,0,0,0,0,0.21233442161802227,вкусный
1724,пресный,прилагательное,1,0,0,1,0,0,0,0,6.821243294478966,вкусный
1730,прехолодный,прилагательное,1,1,0,0,0,0,0,0,0.07962540810675835,температура
1732,преширокий,прилагательное,1,0,1,0,0,0,0,0,0.14597991486239031,размер
1736,привкус,существительное,1,0,0,1,0,1,0,аромат,0.07962540810675835,вкусный
1741,приглубый,прилагательное,1,0,1,0,0,0,0,0,0.1725217175646431,размер
1753,пригорелый,прилагательное,1,0,0,0,0,1,0,0,0.37158523783153896,вкусный
1755,придыхание,существительное,1,0,0,0,1,0,0,0,0.5839196594495613,голос
1762,припекать,глагол,1,1,0,0,0,0,1,0,1.088213910792364,атмосфера
1763,припечь,глагол,1,1,0,0,0,0,1,0,0.5706487580984348,атмосфера
1773,приторно,наречие,0,0,0,1,0,1,0,0,0.5839196594495613,вкусный
1774,приторно-сладкий,прилагательное,0,0,0,1,0,1,0,0,0.10616721080901113,вкусный
1775,приторность,существительное,0,0,0,1,0,1,0,0,0.9024212918765946,вкусный
1776,приторный,прилагательное,0,0,0,1,0,1,0,0,2.9726819026523117,вкусный
1796,прогорклый,прилагательное,0,0,0,1,0,1,0,0,0.49102334999167646,вкусный
1797,продолговатый,прилагательное,1,0,1,0,0,0,0,0,8.360667851209627,размер
1803,прозрачно-голубой,прилагательное,1,0,1,0,0,0,0,0,0.06635450675563195,цвет
1806,прозрачность,существительное,0,0,1,0,1,0,1,0,2.4551167499583824,свет
1807,прозрачный,прилагательное,1,0,1,0,0,0,1,0,26.263113773879127,яркость
1816,прокислый,прилагательное,0,0,0,1,0,1,0,0,0.5971905608006876,вкусный
1822,промозглый,прилагательное,1,1,0,0,0,0,0,0,0.5971905608006876,атмосфера
1823,промокнуть,глагол,1,1,0,0,0,0,0,0,3.6760396742620105,атмосфера
1826,пронзительный,прилагательное,1,1,0,0,0,0,1,0,9.953176013344793,звучать
1841,простонать,глагол,1,0,0,0,1,0,1,0,5.7993838904422335,голос
1847,протухлый,прилагательное,0,0,0,1,0,1,0,0,0.7697122783653307,вонь
1848,протухший,прилагательное,0,0,0,1,0,1,0,0,0.11943811216013753,вонь
1850,протяжно,наречие,0,0,1,0,1,0,0,0,7.312266644470642,звучать
1852,протяжный,прилагательное,0,0,1,0,1,0,0,0,6.58236707015869,звучать
1854,прохладно,наречие,1,1,0,0,0,0,1,0,2.57455486211852,температура
1855,прохладный,прилагательное,0,1,0,0,0,1,1,0,7.949269909324708,температура
1873,пряменько,наречие,1,0,1,0,0,0,0,0,0.25214712567140146,форма
1881,прямой,прилагательное,1,0,1,0,0,0,0,0,97.92598106996165,форма
1883,прямоугольник,существительное,1,0,1,0,0,0,0,0,0.9555048972811002,форма
1885,прямоугольный,прилагательное,1,0,1,0,0,0,0,0,1.9110097945622004,форма
1886,пряно,наречие,0,0,0,1,0,1,0,0,0.09289630945788474,вкусный
1887,пряность,существительное,0,0,0,1,0,1,0,0,1.831384386455442,вкусный
1888,пряный,прилагательное,0,0,0,1,0,1,0,0,1.3669028391660183,вкусный
1897,пунцовый,прилагательное,1,0,1,0,0,0,0,0,5.348173244503936,цвет
1900,пурпурный,прилагательное,1,0,1,0,0,0,0,0,0.8626085878232155,цвет
1901,пурпуровый,прилагательное,1,0,1,0,0,0,0,0,2.3622204405004976,цвет
1905,пушистый,прилагательное,1,1,0,0,0,0,0,0,6.356761747189542,осязание
1910,пюсовый,прилагательное,1,0,1,0,0,0,0,0,0.09289630945788474,цвет
1914,пятнистый,прилагательное,1,0,1,0,0,0,0,0,0.4777524486405501,цвет
1924,раздаваться,глагол,1,0,0,0,1,0,1,0,59.3872835462906,звучать
1934,разить,глагол,1,0,0,0,0,1,0,0,2.9461400999500587,запах
1947,разноситься,глагол,1,0,0,0,1,0,1,0,5.202193329641546,звучать
1950,разноцветность,существительное,1,0,1,0,0,0,0,0,0.09289630945788474,цвет
1951,разноцветный,прилагательное,1,0,1,0,0,0,0,0,15.779101706489278,цвет
1955,разящий,причастие,1,0,0,0,0,1,0,0,0.1592508162135167,вонь
1957,раскат,существительное,1,0,0,0,1,0,0,0,5.096026118832534,звучать
1990,реветь,глагол,0,0,0,0,1,1,0,издавать запах,13.111650534912876,голос
1992,режущий,прилагательное,1,1,0,0,0,0,1,0,1.0085885026856058,осязание
2000,ржавый,прилагательное,1,0,1,0,0,0,0,0,2.5612839607673936,цвет
2001,ржание,существительное,1,0,0,0,1,0,0,0,2.8532437904921744,звучать
2002,ржать,глагол,1,0,0,0,1,0,0,0,1.8844679918599476,звучать
2014,ровный,прилагательное,0,1,1,0,1,0,0,гладкий,35.08826317237818,форма
2019,розоватый,прилагательное,1,0,1,0,0,0,0,0,1.0351303053878584,цвет
2020,розовенький,прилагательное,1,0,1,0,0,0,0,0,0.9555048972811002,цвет
2025,розовый,прилагательное,1,0,1,0,0,0,0,0,41.89623556550602,цвет
2033,рулада,существительное,1,0,0,0,1,0,0,0,1.3138192337615127,музыка
2038,рыжий,прилагательное,1,0,1,0,0,0,0,0,21.153816753695466,цвет
2039,рыхло,наречие,1,1,0,0,0,0,0,0,0.09289630945788474,осязание
2040,рыхлый,прилагательное,1,1,0,0,0,0,0,0,6.3700326485406675,осязание
2047,сальный,прилагательное,0,1,0,0,0,1,1,0,10.059343224153805,осязание
2055,сахаристый,прилагательное,1,0,0,1,0,0,0,0,0.2654180270225278,вкусный
2058,сахарный,прилагательное,1,0,0,1,0,0,0,0,9.833737901184657,вкусный
2059,свежесть,существительное,0,0,0,1,0,1,0,0,17.17254634835755,атмосфера
2060,свежий,прилагательное,0,0,0,1,0,1,0,0,100.15549249695087,атмосфера
2063,сверкание,существительное,1,0,1,0,0,0,0,0,0.8227958837698363,яркость
2065,сверкать,глагол,1,0,1,0,0,0,0,0,33.8938820507768,яркость
2075,свет,существительное,1,0,1,0,0,0,0,0,440.5275703506406,свет
2078,светить,глагол,1,0,1,0,0,0,0,0,14.637804190292409,свет
2079,светиться,глагол,1,0,1,0,0,0,0,0,15.991436128107301,свет
2080,светленький,прилагательное,1,0,1,0,0,0,0,0,1.1412975161968697,цвет
2085,светло-голубой,прилагательное,1,0,1,0,0,0,0,0,1.7119462742953044,цвет
2088,светло-коричневый,прилагательное,1,0,1,0,0,0,0,0,0.3450434351292862,цвет
2090,светло-оранжевый,прилагательное,1,0,1,0,0,0,0,0,0.11943811216013753,цвет
2091,светло-розовый,прилагательное,1,0,1,0,0,0,0,0,0.29195982972478063,цвет
2092,светло-серый,прилагательное,1,0,1,0,0,0,0,0,1.6854044715930518,цвет
2093,светло-синий,прилагательное,1,0,1,0,0,0,0,0,0.6502741662051933,цвет
2094,светло-фиолетовый,прилагательное,1,0,1,0,0,0,0,0,0.07962540810675835,цвет
2097,светловатый,прилагательное,1,0,1,0,0,0,0,0,0.06635450675563195,цвет
2099,светлый,прилагательное,1,0,1,0,0,0,0,0,120.08838632634271,цвет
2113,свинцово-серый,прилагательное,1,0,1,0,0,0,1,0,0.06635450675563195,цвет
2121,серебристо-белый,прилагательное,1,0,1,0,0,0,0,0,0.10616721080901113,цвет
2126,серебристый,прилагательное,1,0,1,0,0,0,0,0,8.254500640400614,цвет
2127,серенький,прилагательное,1,0,1,0,0,0,0,0,7.551142868790917,цвет
2131,серо-голубой,прилагательное,1,0,1,0,0,0,0,0,0.41139794188491813,цвет
2138,сероватый,прилагательное,1,0,1,0,0,0,0,0,2.9195982972478065,цвет
2139,серый,прилагательное,1,0,1,0,0,0,0,0,78.05944174732544,цвет
2141,сиверкий,прилагательное,1,1,0,0,0,0,0,0,0.5042942513428029,температура
2143,сивый,прилагательное,1,0,1,0,0,0,0,0,2.348949539149371,цвет
2152,симметрично,наречие,1,0,1,0,0,0,0,0,0.9953176013344793,форма
2153,симметричность,существительное,1,0,1,0,0,0,0,0,0.07962540810675835,форма
2154,симметричный,прилагательное,1,0,1,0,0,0,0,0,3.463705252643988,форма
2155,симметрия,существительное,1,0,1,0,0,0,0,0,2.09680241347797,форма
2156,сине-багровый,прилагательное,1,0,1,0,0,0,0,0,0.4644815472894237,цвет
2160,сине-фиолетовый,прилагательное,1,0,1,0,0,0,0,0,0.10616721080901113,цвет
2163,синевато-красный,прилагательное,1,0,1,0,0,0,0,0,0.06635450675563195,цвет
2165,синеватый,прилагательное,1,0,1,0,0,0,0,0,4.551919163436352,цвет
2167,синенький,прилагательное,1,0,1,0,0,0,0,0,2.003906104020085,цвет
2168,синий,прилагательное,1,0,1,0,0,0,0,0,56.945437697683346,цвет
2171,синий-синий,прилагательное,1,0,1,0,0,0,0,0,0.09289630945788474,цвет
2174,сирена,существительное,1,0,0,0,1,0,0,0,1.9906352026689587,звучать
2179,сиреневый,прилагательное,1,0,1,0,0,0,1,0,0.6900868702585724,цвет
2185,склизкий,прилагательное,1,1,0,0,0,0,0,0,0.4379397445871709,осязание
2186,склизко,наречие,1,1,0,0,0,0,0,0,0.06635450675563195,осязание
2193,скус,существительное,1,0,0,1,0,0,0,0,0.37158523783153896,вкусный
2194,скусный,прилагательное,1,0,0,1,0,0,0,0,0.3450434351292862,вкусный
2198,слабокислый,прилагательное,1,0,0,1,0,0,0,0,0.18579261891576948,вкусный
2201,сладенький,прилагательное,0,0,0,1,0,1,0,0,1.8579261891576948,вкусный
2202,сладенько,наречие,0,0,0,1,0,1,0,0,0.11943811216013753,вкусный
2204,сладкий,прилагательное,0,0,0,1,0,1,0,0,38.631593833128925,вкусный
2207,сладко,наречие,0,0,0,1,0,1,0,0,18.884492622652857,вкусный
2209,сладковатый,прилагательное,0,0,0,1,0,1,0,0,0.544106955396182,вкусный
2211,сладкое,существительное,1,0,0,1,0,0,0,0,11.54568417547996,вкусный
2214,сладость,существительное,0,0,0,1,0,1,0,0,9.329443649841853,вкусный
2215,сласть,существительное,1,0,0,1,0,0,0,0,5.441069553961821,вкусный
2216,слепить,глагол,1,0,1,0,0,0,1,0,2.38876224320275,яркость
2221,слизистый,прилагательное,1,1,0,0,0,0,1,0,1.4332573459216502,вещество
2222,слизкий,прилагательное,1,1,0,0,0,0,0,0,0.06635450675563195,осязание
2234,смак,существительное,1,0,0,1,0,0,0,0,0.29195982972478063,вкусный
2235,смакование,существительное,1,0,0,1,0,0,0,0,0.1725217175646431,вкусный
2239,смачный,прилагательное,1,0,0,1,0,0,0,0,0.1592508162135167,вкусный
2243,смердеть,глагол,1,0,0,0,0,1,0,0,1.9110097945622004,вонь
2256,смрад,существительное,1,0,0,0,0,1,0,старый,3.9679995039867912,вонь
2257,смрадный,прилагательное,1,0,0,0,0,1,0,0,3.1452036202169547,вонь
2258,смурый,прилагательное,1,0,1,0,0,0,1,0,0.544106955396182,цвет
2260,снежно-белый,прилагательное,1,0,1,0,0,0,1,0,0.5573778567473084,цвет
2263,согнутый,прилагательное,1,0,1,0,0,0,0,0,3.729123279666516,форма
2276,солить,глагол,1,0,0,1,0,0,0,0,2.9328691985989326,вкусный
2281,солоноватый,прилагательное,1,0,0,1,0,0,0,0,0.9820466999833529,вкусный
2282,соль,существительное,1,0,0,1,0,0,0,0,54.27798652610694,вкусный
2288,сопрано,существительное,1,0,0,0,1,0,0,0,1.2076520229525016,музыка
2296,сохлый,прилагательное,1,1,0,0,0,0,0,0,0.3981270405337917,атмосфера
2297,сочно,наречие,0,1,0,1,0,1,0,0,0.3981270405337917,вкусный
2298,сочность,существительное,0,1,0,1,0,1,0,0,0.30523073107590704,вкусный
2299,сочный,прилагательное,0,1,0,1,0,1,0,0,7.9359990079735825,вкусный
2303,стенание,существительное,1,0,0,0,1,0,0,0,2.3224077364471185,голос
2306,стон,существительное,1,0,0,0,1,0,0,0,29.288879281935944,голос
2314,стылый,прилагательное,1,1,0,0,0,0,0,0,0.3981270405337917,температура
2324,сухо,наречие,1,1,0,0,0,0,1,0,22.255301565838955,атмосфера
2325,суховатый,прилагательное,1,1,0,0,0,0,0,0,0.41139794188491813,атмосфера
2329,сухонький,прилагательное,0,1,1,0,0,0,1,0,3.330996239132724,атмосфера
2330,сухость,существительное,1,1,0,0,0,0,0,0,5.95863470665575,атмосфера
2341,сыреть,глагол,1,1,0,0,0,0,0,0,0.18579261891576948,атмосфера
2342,сыро,наречие,0,1,1,1,0,1,0,0,5.109297020183661,атмосфера
2343,сырой,прилагательное,0,1,1,1,0,1,0,0,29.474671900851714,атмосфера
2344,сырость,существительное,0,1,1,1,0,1,0,0,13.960988221384964,атмосфера
2345,сытный,прилагательное,1,0,0,1,0,0,0,0,5.162380625588167,вкусный
2346,сытость,существительное,1,0,0,1,0,0,0,0,2.256053229691487,вкусный
2367,тембр,существительное,1,0,0,0,1,0,0,0,0.8360667851209627,музыка
2369,темнеть,глагол,1,0,1,0,0,0,0,0,9.42233995929974,свет
2370,темно,наречие,1,0,1,0,0,0,0,0,24.551167499583823,свет
2383,темноватый,прилагательное,1,0,1,0,0,0,0,0,1.3669028391660183,свет
2384,темнота,существительное,1,0,1,0,0,0,0,0,39.64018233581453,свет
2385,темный,прилагательное,1,0,1,0,0,0,1,0,0.1327090135112639,свет
2387,тепло,наречие,1,1,0,0,0,0,0,0,46.70030185461377,температура
2388,тепловатый,прилагательное,1,1,0,0,0,0,0,0,0.3981270405337917,температура
2389,теплый,прилагательное,1,1,0,0,0,0,0,0,0.38485613918266537,температура
2390,теплынь,существительное,1,1,0,0,0,0,0,0,0.676815968907446,температура
2391,терпкий,прилагательное,0,0,0,1,0,1,0,0,0.4777524486405501,вкусный
2393,терпкость,существительное,0,0,0,1,0,1,0,0,0.06635450675563195,вкусный
2399,тесный,прилагательное,1,0,1,0,0,0,0,0,58.02038070712458,форма
2401,тлетворный,прилагательное,1,0,0,0,0,1,0,0,2.1233442161802225,вонь
2409,тональность,существительное,1,0,0,0,1,0,0,0,0.09289630945788474,музыка
2420,трезвон,существительное,1,0,0,0,1,0,0,0,1.6721335702419253,музыка
2421,трезвучие,существительное,1,0,0,0,1,0,0,0,0.06635450675563195,музыка
2422,тремоло,существительное,1,0,0,0,1,0,0,0,0.1327090135112639,музыка
2423,треугольник,существительное,1,0,1,0,0,0,0,0,13.8282792078737,форма
2425,треугольный,прилагательное,1,0,1,0,0,0,0,0,3.742394181017642,форма
2429,трогание,существительное,1,1,0,0,0,0,0,0,0.1327090135112639,осязание
2430,трубить,глагол,1,0,0,0,1,0,0,0,4.750982683703248,музыка
2440,тугой,прилагательное,0,1,0,0,1,1,0,0,6.250594536380531,вещество
2450,тупой,прилагательное,1,1,0,0,0,0,1,0,19.070285241568623,осязание
2456,тускло,наречие,1,0,1,0,0,0,0,0,5.361444145855063,свет
2461,тускловатый,прилагательное,1,0,1,0,0,0,0,0,0.07962540810675835,свет
2462,тусклый,прилагательное,1,0,1,0,0,0,0,0,13.310714055179771,свет
2463,тухлый,прилагательное,0,0,0,1,0,1,0,0,1.1678393188991225,вонь
2469,тягучесть,существительное,0,1,0,1,1,1,0,0,0.19906352026689586,вещество
2470,тягучий,прилагательное,0,1,0,1,1,1,0,0,1.353631937814892,вещество
2507,узенький,прилагательное,1,0,1,0,0,0,0,0,13.90790461598046,форма
2511,узкий,прилагательное,1,0,1,0,0,0,0,0,63.965744512429204,форма
2514,узко,наречие,1,0,1,0,0,0,0,0,1.7119462742953044,форма
2519,узковатый,прилагательное,1,0,1,0,0,0,0,0,0.21233442161802227,форма
2538,унисон,существительное,1,0,0,0,1,0,0,0,0.9289630945788474,музыка
2576,фиалковый,прилагательное,0,0,1,0,0,1,1,0,0.1725217175646431,цвет
2577,фимиам,существительное,1,0,0,0,0,1,0,0,2.9594110013011856,запах
2578,фиолетовый,прилагательное,1,0,1,0,0,0,0,0,5.9984474107091295,цвет
2581,фисташковый,прилагательное,0,0,1,1,0,1,1,0,0.23887622432027505,цвет
2589,форма,существительное,1,0,1,0,0,0,0,0,223.5217914570218,форма
2598,хладно,наречие,1,1,0,0,0,0,0,0,0.06635450675563195,температура
2599,хладный,прилагательное,1,1,0,0,0,0,0,0,3.23809992967484,температура
2600,хлипкий,прилагательное,0,1,1,0,0,0,0,0,0.25214712567140146,форма
2608,холод,существительное,1,1,0,0,0,0,0,0,58.15308972063585,температура
2610,холодить,глагол,1,1,0,0,0,0,0,0,0.8626085878232155,температура
2611,холодненький,прилагательное,1,1,0,0,0,0,0,0,1.0749430094412378,температура
2619,холодно,наречие,1,1,0,0,0,0,0,0,49.00943868970977,температура
2621,холодный,прилагательное,1,1,0,0,0,0,0,0,109.44512344273936,температура
2627,хрупкий,прилагательное,0,1,1,0,1,0,0,0,3.3840798445372298,осязание
2631,хрупкость,существительное,0,1,1,0,1,0,0,0,0.19906352026689586,осязание
2652,цвет,существительное,1,0,1,0,0,0,0,0,141.48107930435845,цвет
2657,цветной,прилагательное,1,0,1,0,0,0,0,0,14.903222217314937,цвет
2664,червонный,прилагательное,1,0,1,0,0,0,0,0,5.268547836397177,цвет
2669,черно-серый,прилагательное,1,0,1,0,0,0,0,0,0.1327090135112639,цвет
2672,черноватый,прилагательное,1,0,1,0,0,0,0,0,1.4863409513261558,цвет
2709,шаровидный,прилагательное,1,0,1,0,0,0,0,0,0.4777524486405501,форма
2710,шаровой,прилагательное,1,0,1,0,0,0,0,0,0.21233442161802227,форма
2712,шарообразный,прилагательное,1,0,1,0,0,0,0,0,0.9422339959299738,форма
2717,шафранный,прилагательное,1,0,1,0,0,0,1,0,0.4379397445871709,цвет
2718,шафрановый,прилагательное,1,0,1,0,0,0,1,0,0.09289630945788474,цвет
2722,шелковистый,прилагательное,1,1,0,0,0,0,0,0,2.8134310864387952,осязание
2726,шероховатость,существительное,1,1,0,0,0,0,0,0,1.0616721080901113,осязание
2727,шероховатый,прилагательное,1,1,0,0,0,0,0,0,1.3801737405171448,осязание
2730,шершавый,прилагательное,1,1,0,0,0,0,0,боль,1.5925081621351669,осязание
2731,шибать,глагол,1,0,0,0,0,1,1,0,0.23887622432027505,запах
2738,широкий,прилагательное,1,0,1,0,0,0,0,0,178.14857973752066,размер
2741,широко,наречие,1,0,1,0,0,0,0,0,30.098404264354656,размер
2751,широченный,прилагательное,1,0,1,0,0,0,0,0,0.09289630945788474,размер
2762,шум,существительное,1,0,0,0,1,0,0,0,105.9017927819886,звучать
2763,шуметь,глагол,1,0,0,0,1,0,0,0,34.07967466969257,звучать
2772,щупать,глагол,1,1,0,0,0,0,0,0,3.3973507458883563,осязание
2778,эбонитовый,прилагательное,1,0,1,0,0,0,1,0,0.19906352026689586,цвет
2784,эхо,существительное,1,0,0,0,1,0,0,0,7.697122783653307,звучать
2794,яркий,прилагательное,0,0,1,1,1,1,0,0,70.46848617448114,яркость
2795,ярко,наречие,0,0,1,1,1,1,0,0,34.07967466969257,яркость
2796,ярко-белый,прилагательное,1,0,1,0,0,0,0,0,0.2786889283736542,цвет
2797,ярко-голубой,прилагательное,1,0,1,0,0,0,0,0,0.30523073107590704,цвет
2800,ярко-золотой,прилагательное,1,0,1,0,0,0,0,0,0.09289630945788474,цвет
2801,ярко-красный,прилагательное,1,0,1,0,0,0,0,0,1.7783007810509366,цвет
2803,ярко-оранжевый,прилагательное,1,0,1,0,0,0,0,0,0.18579261891576948,цвет
2804,ярко-розовый,прилагательное,1,0,1,0,0,0,0,0,0.30523073107590704,цвет
2805,ярко-синий,прилагательное,1,0,1,0,0,0,0,0,0.19906352026689586,цвет
2808,яркость,существительное,0,0,1,1,1,1,1,0,5.175651526939292,яркость
