,Слово,Часть речи,Сенсорная эксклюзивность,Осязание,Зрение,Вкус,Слух,Запах,Устойчивая метафоричность,Дополнительно,xviii,xix,pre1950,post1950,Семантическая когорта
3,агатовый,прилагательное,1,0,1,0,0,0,1,0,3.0,33.0,44.0,160.0,цвет
7,алебастровый,прилагательное,1,0,1,0,0,0,1,0,16.0,101.0,75.0,92.0,цвет
8,ало-красный,прилагательное,1,0,1,0,0,0,0,0,0.0,0.0,2.0,1.0,цвет
9,алый,прилагательное,1,0,1,0,0,0,0,0,40.0,427.0,934.0,1707.0,цвет
10,амбре,существительное,1,0,0,0,0,1,0,0,1.0,14.0,5.0,38.0,запах
11,аметистовый,прилагательное,1,0,1,0,0,0,0,0,0.0,9.0,31.0,26.0,цвет
12,антрацитный,прилагательное,1,0,1,0,0,0,0,0,0.0,0.0,1.0,4.0,цвет
15,аппетит,существительное,1,0,0,1,0,0,0,0,17.0,1414.0,1523.0,2921.0,вкусный
17,аппетитный,прилагательное,0,0,1,1,0,0,0,0,0.0,84.0,103.0,508.0,вкусный
19,аромат,существительное,0,0,0,1,0,1,0,0,49.0,777.0,1638.0,4026.0,запах
25,ароматный,прилагательное,0,0,0,1,0,1,0,0,11.0,231.0,419.0,976.0,запах
27,аршинный,прилагательное,1,0,1,0,0,0,1,0,9.0,80.0,125.0,105.0,размер 
29,асимметричность,существительное,1,0,1,0,0,0,0,0,0.0,4.0,2.0,45.0,форма
30,асимметричный,прилагательное,1,0,1,0,0,0,0,0,0.0,2.0,36.0,463.0,форма
31,асимметрия,существительное,1,0,1,0,0,0,0,0,0.0,12.0,33.0,453.0,форма
33,аспидно-серый,прилагательное,1,0,1,0,0,0,0,0,0.0,1.0,2.0,4.0,цвет
35,аспидный,прилагательное,1,0,1,0,0,0,0,0,3.0,70.0,70.0,52.0,цвет
40,атласный,прилагательное,1,1,0,0,0,0,0,0,11.0,547.0,538.0,494.0,осязание
48,аховый,прилагательное,1,0,1,0,0,0,1,0,0.0,59.0,68.0,115.0,размер 
49,ахроматический,прилагательное,1,0,1,0,0,0,0,0,0.0,10.0,9.0,10.0,цвет
52,ахроматичный,прилагательное,1,0,1,0,0,0,0,0,0.0,0.0,0.0,1.0,цвет
53,багрово-красный,прилагательное,1,0,1,0,0,0,0,0,0.0,14.0,50.0,37.0,цвет
54,багрово-синий,прилагательное,1,0,1,0,0,0,0,0,0.0,4.0,8.0,10.0,цвет
55,багровый,прилагательное,1,0,1,0,0,0,0,0,14.0,771.0,1526.0,1611.0,цвет
56,багряный,прилагательное,1,0,1,0,0,0,0,0,19.0,122.0,246.0,324.0,цвет
59,бархатистость,существительное,0,1,1,1,1,1,0,0,0.0,0.0,6.0,22.0,осязание
60,бархатистый,прилагательное,0,1,1,1,1,1,0,0,0.0,36.0,106.0,259.0,осязание
61,бас,существительное,1,0,0,0,1,0,0,0,10.0,976.0,2342.0,2032.0,музыка
63,беж,существительное,1,0,1,0,0,0,0,0,0.0,0.0,14.0,34.0,цвет
64,бежеватый,прилагательное,1,0,1,0,0,0,0,0,0.0,0.0,0.0,3.0,цвет
65,бежевый,прилагательное,1,0,1,0,0,0,0,0,0.0,0.0,23.0,612.0,цвет
69,безвкусный,прилагательное,0,0,1,1,0,0,1,0,1.0,111.0,355.0,501.0,вкусный
74,безмерно,наречие,1,0,1,0,0,0,0,глубокий,86.0,272.0,528.0,792.0,размер 
76,безмерный,прилагательное,1,0,1,0,0,0,0,глубокий,167.0,333.0,626.0,593.0,размер 
84,беленький,прилагательное,1,0,1,0,0,0,0,0,9.0,564.0,749.0,1207.0,цвет
85,белесо-голубой,прилагательное,1,0,1,0,0,0,0,0,0.0,0.0,0.0,5.0,цвет
86,белесый,прилагательное,1,0,1,0,0,0,0,0,0.0,14.0,531.0,1358.0,цвет
87,бело-голубой,прилагательное,1,0,1,0,0,0,0,0,0.0,1.0,20.0,195.0,цвет
88,бело-коричневый,прилагательное,1,0,1,0,0,0,0,0,0.0,0.0,2.0,10.0,цвет
89,бело-красный,прилагательное,1,0,1,0,0,0,0,0,0.0,2.0,17.0,40.0,цвет
90,бело-розовый,прилагательное,1,0,1,0,0,0,0,0,0.0,18.0,74.0,202.0,цвет
91,беловато-голубой,прилагательное,1,0,1,0,0,0,0,0,0.0,1.0,1.0,3.0,цвет
92,беловато-розовый,прилагательное,1,0,1,0,0,0,0,0,0.0,4.0,2.0,2.0,цвет
96,белоснежный,прилагательное,1,0,1,0,0,0,0,0,1.0,295.0,775.0,1930.0,цвет
98,белый,прилагательное,1,0,1,0,0,0,0,0,1445.0,18078.0,39013.0,57917.0,цвет
99,белый-белый,прилагательное,1,0,1,0,0,0,0,0,0.0,7.0,49.0,148.0,цвет
100,белый-пребелый,прилагательное,1,0,1,0,0,0,0,0,0.0,3.0,0.0,5.0,цвет
103,беспроглядный,прилагательное,1,0,1,0,0,0,1,0,0.0,0.0,4.0,5.0,свет
106,бессолнечный,прилагательное,1,0,1,0,0,0,1,0,1.0,6.0,28.0,50.0,свет
110,бесцветный,прилагательное,1,0,1,0,0,0,0,0,2.0,768.0,813.0,1410.0,цвет
115,бит,существительное,1,0,0,0,1,0,1,0,2.0,14.0,10.0,92.0,музыка
118,благовоние,существительное,1,0,0,0,0,1,0,0,42.0,133.0,128.0,428.0,запах
119,благовонный,прилагательное,1,0,0,0,0,1,0,0,104.0,225.0,136.0,129.0,запах
120,благозвучие,существительное,1,0,0,0,1,0,0,0,0.0,27.0,30.0,54.0,музыка
127,благоухание,существительное,1,0,0,0,0,1,0,0,91.0,434.0,368.0,260.0,запах
129,благоуханный,прилагательное,1,0,0,0,0,1,0,0,39.0,152.0,228.0,215.0,запах
130,благоухать,глагол,1,0,0,0,0,1,0,0,15.0,323.0,538.0,728.0,запах
131,благоухающий,прилагательное,1,0,0,0,0,1,0,0,1.0,0.0,0.0,3.0,запах
135,блакитный,прилагательное,1,0,1,0,0,0,0,0,2.0,2.0,6.0,11.0,цвет
136,бланжевый,прилагательное,1,0,1,0,0,0,0,0,0.0,3.0,3.0,0.0,цвет
137,бледно-бежевый,прилагательное,1,0,1,0,0,0,0,0,0.0,0.0,0.0,2.0,цвет
138,бледно-голубой,прилагательное,1,0,1,0,0,0,0,0,0.0,67.0,160.0,191.0,цвет
140,бледно-коричневый,прилагательное,1,0,1,0,0,0,0,0,0.0,4.0,6.0,10.0,цвет
141,бледно-розовый,прилагательное,1,0,1,0,0,0,0,0,0.0,61.0,141.0,186.0,цвет
142,бледно-синий,прилагательное,1,0,1,0,0,0,0,0,0.0,13.0,38.0,40.0,цвет
147,блекло-голубой,прилагательное,1,0,1,0,0,0,0,0,0.0,1.0,3.0,17.0,цвет
149,блекло-коричневый,прилагательное,1,0,1,0,0,0,0,0,0.0,0.0,1.0,2.0,цвет
150,блекло-оранжевый,прилагательное,1,0,1,0,0,0,0,0,0.0,0.0,1.0,1.0,цвет
151,блекло-синий,прилагательное,1,0,1,0,0,0,0,0,0.0,0.0,2.0,6.0,цвет
153,блеклый,прилагательное,1,0,1,0,0,0,0,0,1.0,0.0,0.0,0.0,цвет
154,блеск,существительное,1,0,1,0,0,0,0,0,162.0,4018.0,4990.0,5744.0,яркость
155,блестеть,глагол,1,0,1,0,0,0,0,0,14.0,1948.0,4573.0,4021.0,яркость
156,блестяще-белый,прилагательное,1,0,1,0,0,0,0,0,0.0,1.0,1.0,2.0,цвет
158,блестящий,прилагательное,1,0,1,0,0,0,0,0,180.0,6453.0,8409.0,8711.0,яркость
159,блик,существительное,1,0,1,0,0,0,0,0,1.0,40.0,394.0,1038.0,яркость
171,большенный,прилагательное,1,0,1,0,0,0,0,0,0.0,4.0,2.0,4.0,размер 
172,большой,прилагательное,1,0,1,0,0,0,0,0,6242.0,83437.0,125268.0,237375.0,размер 
173,большой-большой,прилагательное,1,0,1,0,0,0,0,0,0.0,8.0,23.0,52.0,размер 
174,большой-пребольшой,прилагательное,1,0,1,0,0,0,0,0,0.0,7.0,11.0,26.0,размер 
175,большущий,прилагательное,1,0,1,0,0,0,0,0,0.0,216.0,248.0,440.0,размер 
177,бордовый,прилагательное,1,0,1,0,0,0,0,0,0.0,1.0,36.0,526.0,цвет
183,броский,прилагательное,1,0,1,0,0,0,0,0,1.0,0.0,31.0,444.0,яркость
184,броско,наречие,1,0,1,0,0,0,0,0,0.0,0.0,5.0,97.0,яркость
185,броскость,существительное,1,0,1,0,0,0,0,0,0.0,0.0,3.0,34.0,яркость
189,бруснично-красный,прилагательное,1,0,1,0,0,0,1,0,0.0,0.0,1.0,0.0,цвет
192,бунчать,глагол,1,0,0,0,1,0,0,0,0.0,2.0,1.0,1.0,голос
194,бунчить,глагол,1,0,0,0,1,0,0,0,0.0,0.0,5.0,0.0,голос
195,бурдон,существительное,1,0,0,0,1,0,0,0,0.0,17.0,9.0,26.0,музыка
198,буро-красный,прилагательное,1,0,1,0,0,0,0,0,0.0,12.0,35.0,32.0,цвет
199,буро-серый,прилагательное,1,0,1,0,0,0,0,0,0.0,0.0,15.0,10.0,цвет
201,буровато-коричневый,прилагательное,1,0,1,0,0,0,0,0,0.0,0.0,3.0,2.0,цвет
202,бурый,прилагательное,1,0,1,0,0,0,0,0,12.0,611.0,1202.0,1981.0,цвет
205,васильковый,прилагательное,1,0,1,0,0,0,1,0,11.0,33.0,99.0,219.0,цвет
208,велий,прилагательное,1,0,1,0,0,0,0,0,0.0,0.0,0.0,1.0,размер 
209,великанский,прилагательное,1,0,1,0,0,0,0,0,0.0,13.0,14.0,83.0,размер 
212,великоватый,прилагательное,1,0,1,0,0,0,0,0,4.0,0.0,20.0,228.0,размер 
218,вердепомовый,прилагательное,1,0,1,0,0,0,1,0,0.0,3.0,0.0,0.0,цвет
227,веять,глагол,1,0,0,0,0,1,1,0,74.0,1235.0,1637.0,1395.0,запах
256,вкус,существительное,1,0,0,1,0,0,1,0,761.0,6878.0,5997.0,14658.0,вкусный
258,вкусить,глагол,1,0,0,1,0,0,0,0,84.0,483.0,369.0,615.0,вкусный
260,вкусненький,прилагательное,1,0,0,1,0,0,0,0,0.0,0.0,14.0,207.0,вкусный
261,вкусно,наречие,1,0,0,1,0,0,0,0,11.0,314.0,679.0,1950.0,вкусный
262,вкуснота,существительное,1,0,0,1,0,0,0,0,0.0,0.0,3.0,43.0,вкусный
263,вкуснотень,существительное,1,0,0,1,0,0,0,0,0.0,0.0,0.0,4.0,вкусный
264,вкуснотища,существительное,1,0,0,1,0,0,0,0,0.0,0.0,0.0,28.0,вкусный
265,вкусный,прилагательное,1,0,0,1,0,0,0,0,87.0,1380.0,1887.0,5118.0,вкусный
266,вкуснющий,прилагательное,1,0,0,1,0,0,0,0,0.0,0.0,0.0,9.0,вкусный
267,вкуснятина,существительное,1,0,0,1,0,0,0,0,0.0,0.0,0.0,85.0,вкусный
268,вкусняшка,существительное,1,0,0,1,0,0,0,0,0.0,0.0,0.0,21.0,вкусный
269,вкусовой,прилагательное,1,0,0,1,0,0,0,0,0.0,45.0,147.0,808.0,вкусный
270,вкушение,существительное,1,0,0,1,0,0,0,0,21.0,48.0,62.0,83.0,вкусный
271,влага,существительное,1,1,0,0,0,0,0,0,57.0,638.0,1268.0,3163.0,осязание
272,влажность,существительное,1,1,0,0,0,0,0,0,109.0,203.0,223.0,1403.0,атмосфера
273,влажный,прилагательное,1,1,0,0,0,0,0,0,71.0,858.0,2384.0,4615.0,атмосфера
278,воблый,прилагательное,0,1,1,0,0,0,0,0,0.0,0.0,10.0,0.0,форма
279,возглас,существительное,1,0,0,0,1,0,0,0,4.0,1354.0,2120.0,1716.0,голос
282,вокал,существительное,1,0,0,0,1,0,0,0,0.0,0.0,4.0,338.0,голос
283,волглый,прилагательное,1,1,0,0,0,0,0,0,0.0,3.0,27.0,150.0,атмосфера
284,вонизм,существительное,1,0,0,0,0,1,0,0,0.0,0.0,0.0,3.0,вонь
286,вонища,существительное,1,0,0,0,0,1,0,0,0.0,6.0,26.0,57.0,вонь
288,вонь,существительное,1,0,0,0,0,1,0,0,20.0,365.0,527.0,1108.0,вонь
289,вонький,прилагательное,1,0,0,0,0,1,0,0,0.0,1.0,15.0,27.0,вонь
291,вонючий,прилагательное,1,0,0,0,0,1,0,0,18.0,484.0,791.0,1799.0,вонь
292,вонючка,существительное,1,0,0,0,0,1,0,0,0.0,5.0,10.0,267.0,вонь
294,воняльный,прилагательное,1,0,0,0,0,1,0,0,0.0,0.0,0.0,1.0,вонь
306,востренький,прилагательное,1,1,0,0,0,0,0,0,0.0,31.0,31.0,22.0,осязание
307,вострый,прилагательное,1,1,0,0,0,0,0,0,17.0,415.0,305.0,315.0,осязание
313,вскрик,существительное,1,0,0,0,1,0,0,0,0.0,27.0,288.0,485.0,голос
314,вскрикивать,глагол,1,0,0,0,1,0,0,0,3.0,513.0,807.0,778.0,голос
316,вскрикнуть,глагол,1,0,0,0,1,0,0,0,6.0,3290.0,2169.0,1997.0,голос
319,всплеск,существительное,1,0,0,0,1,0,0,0,0.0,148.0,407.0,1735.0,звучать
321,втора,существительное,1,0,0,0,1,0,0,0,39.0,217.0,114.0,215.0,музыка
333,выкрик,существительное,1,0,0,0,1,0,0,0,0.0,83.0,738.0,859.0,голос
334,выкрикивать,глагол,1,0,0,0,1,0,0,0,1.0,407.0,1198.0,1665.0,голос
337,выкрикнуть,глагол,1,0,0,0,1,0,0,0,0.0,115.0,752.0,1614.0,голос
343,вымокнуть,глагол,1,1,0,0,0,0,0,0,1.0,53.0,166.0,287.0,атмосфера
346,выпукло,наречие,0,1,1,0,0,0,0,0,1.0,39.0,147.0,162.0,форма
347,выпуклость,существительное,0,1,1,0,0,0,0,0,7.0,135.0,249.0,330.0,форма
348,выпуклый,прилагательное,0,1,1,0,0,0,0,0,14.0,442.0,1101.0,1783.0,форма
358,высокий,прилагательное,0,0,1,0,1,0,0,0,2783.0,39617.0,52011.0,97144.0,размер
362,высоченный,прилагательное,0,0,1,0,1,0,0,0,0.0,6.0,114.0,777.0,размер
368,вытянутый,прилагательное,1,0,1,0,0,0,0,0,32.0,434.0,984.0,2386.0,размер
370,вяжущий,причастие,0,1,0,1,0,0,0,0,5.0,38.0,53.0,221.0,вкусный
371,вязкий,прилагательное,0,1,0,1,0,0,0,0,33.0,109.0,324.0,985.0,вещество
372,вязко,наречие,0,1,0,1,0,0,0,0,10.0,12.0,25.0,52.0,вещество
373,вязкость,существительное,0,1,0,1,0,0,0,0,14.0,22.0,43.0,726.0,вещество
377,габаритный,прилагательное,0,1,1,0,0,0,0,0,0.0,0.0,6.0,180.0,размер 
385,гам,существительное,1,0,0,0,1,0,0,0,87.0,545.0,506.0,498.0,звучать
386,гамма,существительное,1,0,0,0,1,0,0,0,0.0,151.0,435.0,1702.0,музыка
388,гвалт,существительное,1,0,0,0,1,0,0,0,0.0,292.0,305.0,356.0,звучать
397,гигантский,прилагательное,1,0,1,0,0,0,0,0,3.0,777.0,2560.0,7969.0,размер 
401,гладенький,прилагательное,1,1,1,0,0,0,0,0,1.0,48.0,58.0,126.0,осязание
402,гладкий,прилагательное,1,1,1,0,0,0,1,0,168.0,1669.0,2334.0,4224.0,осязание
403,гладко,наречие,1,1,1,0,0,0,1,0,32.0,711.0,1397.0,1627.0,осязание
404,гладчайший,прилагательное,1,1,1,0,0,0,0,0,0.0,0.0,1.0,1.0,осязание
409,глас,существительное,1,0,0,0,1,0,0,0,844.0,997.0,549.0,944.0,звучать
417,глиссандо,существительное,1,0,0,0,1,0,0,0,0.0,0.0,6.0,30.0,музыка
425,глубина,существительное,0,0,1,1,1,0,0,0,626.0,7504.0,12796.0,22844.0,размер
427,глубокий-глубокий,прилагательное,0,0,1,1,1,0,0,0,0.0,3.0,20.0,15.0,размер
428,глубокий-преглубокий,прилагательное,0,0,1,1,1,0,0,0,0.0,1.0,0.0,0.0,размер
429,глубоко,наречие,0,0,1,1,1,0,0,0,166.0,6263.0,9144.0,11276.0,размер
430,глубоко-глубоко,наречие,0,0,1,1,1,0,0,0,0.0,32.0,48.0,58.0,размер
432,глубоконек,прилагательное,0,0,1,1,1,0,0,0,0.0,0.0,1.0,0.0,размер
433,глубоконький,прилагательное,0,0,1,1,1,0,0,0,0.0,0.0,1.0,1.0,размер
436,глубоченный,прилагательное,0,0,1,1,1,0,0,0,0.0,1.0,3.0,14.0,размер
455,гнедой,прилагательное,1,0,1,0,0,0,0,0,6.0,217.0,488.0,311.0,цвет
456,гнилостный,прилагательное,1,0,0,0,0,1,0,0,3.0,53.0,57.0,133.0,вонь
461,голос,существительное,1,0,0,0,1,0,0,0,969.0,39082.0,57764.0,76148.0,голос
462,голубенький,прилагательное,1,0,1,0,0,0,0,0,0.0,54.0,180.0,259.0,цвет
463,голубовато-серый,прилагательное,1,0,1,0,0,0,0,0,0.0,10.0,65.0,53.0,цвет
464,голубовато-синий,прилагательное,1,0,1,0,0,0,0,0,0.0,0.0,2.0,4.0,цвет
465,голубоватый,прилагательное,1,0,1,0,0,0,0,0,3.0,145.0,637.0,1031.0,цвет
466,голубой,прилагательное,1,0,1,0,0,0,0,0,113.0,3903.0,8959.0,13540.0,цвет
468,гомон,существительное,1,0,0,0,1,0,0,0,0.0,59.0,363.0,524.0,звучать
470,горечь,существительное,1,0,0,1,0,0,1,0,21.0,1289.0,2078.0,3609.0,вкусный
475,горчинка,существительное,1,0,0,1,0,0,0,0,0.0,0.0,7.0,74.0,вкусный
476,горчить,глагол,1,0,0,1,0,0,0,0,0.0,3.0,21.0,152.0,вкусный
477,горький,прилагательное,0,0,0,1,0,1,1,0,235.0,5107.0,11414.0,14506.0,вкусный
478,горький-горький,прилагательное,0,0,0,1,0,1,1,0,0.0,4.0,1.0,3.0,вкусный
479,горький-прегорький,прилагательное,0,0,0,1,0,1,1,0,0.0,0.0,2.0,4.0,вкусный
480,горько,наречие,0,0,0,1,0,1,1,0,46.0,2874.0,2413.0,3348.0,вкусный
481,горько-прегорько,наречие,0,0,0,1,0,1,1,0,0.0,4.0,4.0,2.0,вкусный
483,горьковато-сладкий,прилагательное,1,0,0,1,0,0,0,0,0.0,0.0,3.0,7.0,вкусный
484,горьковатый,прилагательное,0,0,0,1,0,1,0,0,6.0,30.0,132.0,363.0,вкусный
486,горьконький,прилагательное,1,0,0,1,0,0,1,0,0.0,9.0,1.0,0.0,вкусный
488,горькость,существительное,1,0,0,1,0,0,0,0,6.0,2.0,1.0,7.0,вкусный
489,горькота,существительное,1,0,0,1,0,0,0,0,0.0,0.0,1.0,0.0,вкусный
492,горячеватый,прилагательное,1,1,0,0,0,0,0,0,0.0,0.0,0.0,1.0,температура
493,горячейший,прилагательное,1,1,0,0,0,0,1,0,1.0,0.0,0.0,0.0,температура
494,горяченький,прилагательное,1,1,0,0,0,0,0,0,0.0,81.0,73.0,124.0,температура
495,горячий,прилагательное,1,1,0,0,0,0,1,0,239.0,6300.0,10623.0,16433.0,температура
496,горячо,наречие,1,1,0,0,0,0,1,0,29.0,3581.0,4169.0,3647.0,температура
497,гранатовый,прилагательное,1,0,1,0,0,0,1,0,8.0,61.0,131.0,235.0,цвет
504,громадный,прилагательное,1,0,1,0,0,0,0,0,1.0,7205.0,11029.0,6708.0,размер 
505,громкость,существительное,1,0,0,0,1,0,0,0,2.0,3.0,146.0,471.0,звучать
509,громыхание,существительное,1,0,0,0,1,0,0,0,0.0,20.0,55.0,105.0,звучать
510,громыхать,глагол,1,0,0,0,1,0,0,0,0.0,92.0,488.0,639.0,звучать
512,грохотать,глагол,1,0,0,0,1,0,0,0,0.0,150.0,814.0,1498.0,звучать
520,грязно-белый,прилагательное,1,0,1,0,0,0,0,0,0.0,10.0,36.0,118.0,цвет
523,грязно-серый,прилагательное,1,0,1,0,0,0,0,0,0.0,12.0,53.0,103.0,цвет
524,грязновато-серый,прилагательное,1,0,1,0,0,0,0,0,0.0,3.0,4.0,6.0,цвет
526,гул,существительное,1,0,0,0,1,0,0,0,6.0,1107.0,2961.0,2870.0,звучать
527,гулкий,прилагательное,1,0,0,0,1,0,0,0,0.0,121.0,783.0,1415.0,звучать
528,гулко,наречие,1,0,0,0,1,0,0,0,0.0,142.0,799.0,993.0,звучать
529,гулкость,существительное,1,0,0,0,1,0,0,0,0.0,1.0,5.0,37.0,звучать
531,гунявый,прилагательное,1,0,0,0,0,1,0,0,0.0,12.0,62.0,7.0,вонь
535,густо-красный,прилагательное,1,0,1,0,0,0,0,0,0.0,1.0,12.0,17.0,цвет
536,густо-синий,прилагательное,1,0,1,0,0,0,0,0,0.0,6.0,36.0,72.0,цвет
544,двуострый,прилагательное,0,1,1,0,0,0,0,0,0.0,1.0,6.0,7.0,осязание
546,деликатесный,прилагательное,1,0,0,1,0,0,0,0,0.0,0.0,6.0,145.0,вкусный
556,десертный,прилагательное,0,0,0,1,0,1,1,0,1.0,21.0,22.0,139.0,вкусный
559,дзиньканье,существительное,1,0,0,0,1,0,0,0,0.0,0.0,4.0,1.0,звучать
561,диссонанс,существительное,1,0,0,0,1,0,1,0,0.0,164.0,251.0,392.0,музыка
565,длиннейший,прилагательное,0,0,1,0,1,0,0,0,0.0,1.0,0.0,0.0,размер
566,длинненький,прилагательное,0,0,1,0,1,0,0,0,0.0,8.0,22.0,35.0,размер
567,длинно,наречие,0,0,1,0,1,0,0,0,8.0,244.0,382.0,667.0,размер
568,длинно-длинно,наречие,0,0,1,0,1,0,0,0,0.0,1.0,4.0,4.0,размер
569,длинно-предлинно,прилагательное,0,0,1,0,1,0,0,0,0.0,0.0,1.0,0.0,размер
571,длинноватый,прилагательное,0,0,1,0,1,0,0,0,1.0,27.0,28.0,136.0,размер
572,длиннущий,прилагательное,0,0,1,0,1,0,0,0,0.0,0.0,7.0,12.0,размер
573,длинный,прилагательное,0,0,1,0,1,0,0,0,300.0,15097.0,22411.0,33129.0,размер
574,длинный-длинный,прилагательное,0,0,1,0,1,0,0,0,0.0,49.0,62.0,140.0,размер
575,длинный-предлинный,прилагательное,0,0,1,0,1,0,0,0,0.0,43.0,24.0,80.0,размер
576,длиннющий,прилагательное,0,0,1,0,1,0,0,0,0.0,0.0,23.0,522.0,размер
589,доноситься,глагол,1,0,0,0,1,0,1,0,3.0,1124.0,3002.0,4253.0,звучать
597,дубак,существительное,1,1,0,0,0,0,0,0,0.0,0.0,0.0,9.0,температура
604,духан,существительное,1,0,0,0,0,1,0,0,0.0,33.0,115.0,138.0,вонь
607,духмяный,прилагательное,1,0,0,0,0,1,0,0,0.0,0.0,10.0,20.0,запах
609,духовитый,прилагательное,1,0,0,0,0,1,0,0,0.0,8.0,66.0,66.0,запах
610,духота,существительное,1,1,0,0,0,0,0,0,11.0,544.0,775.0,1288.0,атмосфера
611,душисто,наречие,1,0,0,0,0,1,0,0,0.0,8.0,28.0,17.0,запах
612,душистость,существительное,1,0,0,0,0,1,0,0,0.0,1.0,2.0,11.0,запах
613,душистый,прилагательное,1,0,0,0,0,1,0,0,23.0,845.0,1299.0,1503.0,запах
614,душок,существительное,1,0,0,0,0,1,0,0,1.0,55.0,115.0,269.0,вонь
615,дымчато-серый,прилагательное,1,0,1,0,0,0,0,0,0.0,5.0,11.0,23.0,цвет
616,дымчато-синий,прилагательное,1,0,1,0,0,0,0,0,0.0,0.0,1.0,6.0,цвет
617,дымчатый,прилагательное,1,0,1,0,0,0,0,0,6.0,149.0,319.0,443.0,цвет
618,дюжий,прилагательное,1,0,1,0,0,0,0,0,10.0,415.0,328.0,381.0,размер 
619,едкий,прилагательное,0,1,0,1,0,1,1,0,24.0,893.0,1049.0,1271.0,вонь
620,едко,наречие,0,1,0,1,0,1,1,0,1.0,103.0,202.0,230.0,вонь
621,едкость,существительное,0,1,0,1,0,1,1,0,15.0,70.0,43.0,29.0,вонь
622,елевый,прилагательное,0,0,1,0,0,1,1,0,23.0,4.0,7.0,3.0,цвет
624,жар,существительное,1,1,0,0,0,0,1,0,335.0,3327.0,2377.0,2814.0,атмосфера
625,жара,существительное,1,1,0,0,0,0,1,0,193.0,2393.0,3662.0,7076.0,атмосфера
626,жареный,прилагательное,0,1,0,1,0,1,0,0,33.0,788.0,991.0,2550.0,вкусный
628,жарища,существительное,1,1,0,0,0,0,0,0,0.0,14.0,43.0,103.0,атмосфера
629,жаркий,прилагательное,1,1,0,0,0,0,1,0,127.0,1592.0,2560.0,3592.0,атмосфера
630,жарко,наречие,1,1,0,0,0,0,0,0,26.0,1464.0,3079.0,3933.0,атмосфера
634,жарынь,существительное,1,1,0,0,0,0,0,0,0.0,11.0,19.0,14.0,атмосфера
636,жгучесть,существительное,0,1,0,1,0,1,0,горячий,0.0,23.0,34.0,20.0,осязание
637,жгучий,прилагательное,0,1,0,1,0,1,0,горячий,1.0,987.0,1556.0,1520.0,осязание
639,желтенький,прилагательное,1,0,1,0,0,0,0,0,0.0,0.0,1.0,6.0,цвет
640,желтехонький,прилагательное,1,0,1,0,0,0,0,0,0.0,1.0,0.0,0.0,цвет
643,желто-лимонный,прилагательное,1,0,1,0,0,0,0,0,0.0,2.0,1.0,4.0,цвет
645,желтовато-красный,прилагательное,1,0,1,0,0,0,0,0,0.0,9.0,4.0,10.0,цвет
646,жемчужно-белый,прилагательное,1,0,1,0,0,0,0,0,0.0,1.0,1.0,5.0,цвет
647,жемчужно-серый,прилагательное,1,0,1,0,0,0,0,0,0.0,0.0,4.0,42.0,цвет
652,жирненький,прилагательное,0,1,1,0,0,0,0,0,0.0,10.0,23.0,32.0,вкусный
660,жeсткий,прилагательное,0,1,0,1,1,1,1,0,0.0,0.0,0.0,3.0,осязание
673,загрубелый,прилагательное,1,1,0,0,0,0,0,0,4.0,55.0,33.0,19.0,осязание
677,закаменелый,прилагательное,1,1,0,0,0,0,1,0,3.0,3.0,10.0,24.0,осязание
678,закиснуть,глагол,1,0,0,1,0,0,1,0,3.0,19.0,52.0,100.0,вкусный
680,закругление,существительное,1,0,1,0,0,0,0,0,0.0,19.0,71.0,81.0,форма
682,закруглить,глагол,1,0,1,0,0,0,0,0,0.0,121.0,162.0,353.0,форма
685,заливаться,глагол,1,0,0,0,1,0,1,0,6.0,987.0,958.0,1053.0,звучать
701,замутнившийся,причастие,1,0,1,0,0,0,1,0,0.0,0.0,0.0,1.0,свет
706,запах,существительное,1,0,0,0,0,1,0,0,171.0,3688.0,8221.0,19104.0,запах
709,запашисто,наречие,1,0,0,0,0,1,0,0,0.0,0.0,0.0,2.0,запах
710,запашистый,прилагательное,1,0,0,0,0,1,0,0,0.0,2.0,9.0,18.0,запах
711,запашок,существительное,1,0,0,0,0,1,0,0,0.0,9.0,18.0,106.0,вонь
721,засолить,глагол,1,0,0,1,0,0,0,0,0.0,1.0,47.0,159.0,вкусный
727,застылый,причастие,1,1,0,0,0,0,0,0,2.0,391.0,1187.0,2457.0,температура
728,засуха,существительное,1,1,0,0,0,0,0,0,51.0,405.0,512.0,1032.0,атмосфера
729,засушливый,прилагательное,1,1,0,0,0,0,0,0,0.0,9.0,79.0,476.0,атмосфера
730,засыреть,глагол,1,1,0,0,0,0,0,0,0.0,1.0,3.0,2.0,атмосфера
733,затверделый,прилагательное,1,1,0,0,0,0,0,0,19.0,26.0,10.0,11.0,осязание
734,затвердеть,глагол,1,1,0,0,0,0,0,0,23.0,36.0,127.0,407.0,осязание
742,затхло,наречие,0,0,0,1,0,1,0,0,0.0,1.0,17.0,16.0,запах
743,затхлый,прилагательное,1,0,0,1,0,1,0,0,4.0,152.0,288.0,419.0,запах
748,зачерствелый,прилагательное,1,1,0,0,0,0,1,0,0.0,32.0,15.0,16.0,вкусный
749,зачерстветь,глагол,1,1,0,0,0,0,1,0,0.0,48.0,29.0,73.0,вкусный
753,звенеть,глагол,1,0,0,0,1,0,0,0,6.0,871.0,2752.0,2929.0,звучать
755,звенящий,причастие,1,0,0,0,1,0,0,0,4.0,130.0,571.0,726.0,звучать
756,звон,существительное,1,0,0,0,1,0,0,0,122.0,2119.0,4543.0,4438.0,звучать
757,звонить,глагол,1,0,0,0,1,0,0,0,14.0,1073.0,4499.0,21289.0,звучать
758,звонкий,прилагательное,1,0,0,0,1,0,0,0,15.0,1313.0,2260.0,2203.0,звучать
759,звонко,наречие,1,0,0,0,1,0,0,0,3.0,599.0,1551.0,1298.0,звучать
760,звонкость,существительное,1,0,0,0,1,0,0,0,0.0,9.0,36.0,77.0,звучать
761,звонок,существительное,1,0,0,0,1,0,0,0,4.0,1849.0,4190.0,13588.0,звучать
763,звук,существительное,1,0,0,0,1,0,0,0,255.0,9907.0,14456.0,22377.0,звучать
764,звучание,существительное,0,0,0,0,1,1,0,аромат,1.0,36.0,357.0,2126.0,звучать
765,звучок,существительное,1,0,0,0,1,0,0,0,0.0,0.0,3.0,13.0,звучать
766,звяга,существительное,1,0,0,0,1,0,0,0,0.0,0.0,0.0,3.0,звучать
768,здоровенный,прилагательное,1,0,1,0,0,0,0,0,0.0,373.0,562.0,1874.0,размер 
771,зелененький,прилагательное,1,0,1,0,0,0,0,0,0.0,1.0,0.0,1.0,цвет
772,зеленехонький,прилагательное,1,0,1,0,0,0,0,0,0.0,1.0,0.0,1.0,цвет
775,зеленовато-голубой,прилагательное,1,0,1,0,0,0,0,0,0.0,19.0,39.0,38.0,цвет
776,зеленоватый,прилагательное,1,0,1,0,0,0,0,0,30.0,373.0,1109.0,1399.0,цвет
780,зелeный,прилагательное,1,0,1,0,0,0,0,0,0.0,0.0,0.0,1.0,цвет
781,землисто-серый,прилагательное,1,0,1,0,0,0,0,0,0.0,2.0,12.0,18.0,цвет
783,землистый,прилагательное,1,0,1,0,0,0,0,0,0.0,82.0,252.0,227.0,цвет
788,златой,прилагательное,1,0,1,0,0,0,0,0,197.0,238.0,135.0,156.0,цвет
789,зловоние,существительное,1,0,0,0,0,1,0,0,18.0,138.0,228.0,209.0,вонь
790,зловонно,наречие,1,0,0,0,0,1,0,0,0.0,1.0,6.0,17.0,вонь
791,зловонный,прилагательное,1,0,0,0,0,1,0,0,3.0,122.0,273.0,425.0,вонь
793,знобкий,прилагательное,1,1,0,0,0,0,0,0,0.0,2.0,21.0,46.0,температура
794,знобко,наречие,1,1,0,0,0,0,0,0,0.0,2.0,6.0,44.0,температура
795,зной,существительное,1,1,0,0,0,0,0,0,100.0,787.0,1263.0,1234.0,атмосфера
796,знойкий,прилагательное,1,1,0,0,0,0,0,0,0.0,0.0,6.0,46.0,атмосфера
797,знойно,наречие,1,1,0,0,0,0,0,0,0.0,21.0,82.0,39.0,атмосфера
798,знойный,существительное,1,1,0,0,0,0,1,0,33.0,476.0,806.0,854.0,атмосфера
799,золотенький,прилагательное,1,0,1,0,0,0,0,0,0.0,10.0,19.0,19.0,цвет
800,золотисто-красный,прилагательное,1,0,1,0,0,0,0,0,0.0,5.0,15.0,11.0,цвет
801,золотистый,прилагательное,1,0,1,0,0,0,0,0,6.0,594.0,1374.0,2166.0,цвет
820,зябко,наречие,1,1,0,0,0,0,0,0,0.0,14.0,244.0,799.0,температура
823,избура-красный,прилагательное,1,0,1,0,0,0,0,0,0.0,2.0,0.0,0.0,цвет
824,известково-белый,прилагательное,1,0,1,0,0,0,0,0,0.0,1.0,1.0,3.0,цвет
826,изгиб,существительное,0,1,1,0,0,0,0,гибкий,14.0,423.0,614.0,1420.0,форма
827,изгибать,глагол,0,1,1,0,0,0,0,гибкий,3.0,17.0,72.0,169.0,форма
828,изгибаться,глагол,0,1,1,0,0,0,0,гибкий,7.0,196.0,364.0,599.0,форма
836,издавание,существительное,1,0,0,0,1,0,0,0,0.0,5.0,1.0,0.0,звучать
842,изжелта-красный,прилагательное,1,0,1,0,0,0,0,0,0.0,2.0,4.0,3.0,цвет
843,иззелена-голубой,прилагательное,1,0,1,0,0,0,0,0,0.0,0.0,1.0,0.0,цвет
858,изумрудный,прилагательное,1,0,1,0,0,0,1,0,3.0,222.0,567.0,883.0,цвет
865,индиго,прилагательное,1,0,1,0,0,0,1,0,7.0,87.0,26.0,258.0,цвет
866,индиговый,прилагательное,1,0,1,0,0,0,1,0,0.0,1.0,6.0,21.0,цвет
874,искривить,глагол,1,0,1,0,0,0,0,0,13.0,226.0,356.0,512.0,форма
875,искривиться,глагол,1,0,1,0,0,0,0,0,1.0,67.0,96.0,101.0,форма
876,искривление,существительное,1,0,1,0,0,0,0,0,0.0,42.0,101.0,229.0,форма
887,иссера-белый,прилагательное,1,0,1,0,0,0,0,0,1.0,1.0,0.0,0.0,цвет
888,иссера-голубой,прилагательное,1,0,1,0,0,0,0,0,0.0,1.0,2.0,0.0,цвет
895,иссиня-белый,прилагательное,1,0,1,0,0,0,0,0,0.0,1.0,13.0,15.0,цвет
896,иссиня-фиолетовый,прилагательное,1,0,1,0,0,0,0,0,0.0,0.0,1.0,2.0,цвет
908,исчерна-красный,прилагательное,1,0,1,0,0,0,0,0,0.0,1.0,1.0,2.0,цвет
909,исчерна-синий,прилагательное,1,0,1,0,0,0,0,0,0.0,0.0,6.0,3.0,цвет
910,исчерна-фиолетовый,прилагательное,1,0,1,0,0,0,0,0,0.0,0.0,0.0,1.0,цвет
913,какофония,существительное,1,0,0,0,1,0,0,0,0.0,15.0,77.0,179.0,музыка
917,камертон,существительное,1,0,0,0,1,0,0,0,0.0,128.0,112.0,231.0,музыка
919,канареечный,прилагательное,1,0,1,0,0,0,1,0,0.0,26.0,77.0,112.0,цвет
921,караковый,прилагательное,1,0,1,0,0,0,0,0,0.0,40.0,73.0,23.0,цвет
922,карамельный,прилагательное,1,0,0,1,0,1,0,0,0.0,0.0,3.0,72.0,вкусный
923,карий,прилагательное,1,0,1,0,0,0,0,0,19.0,384.0,704.0,975.0,цвет
925,кармазинный,прилагательное,1,0,1,0,0,0,0,0,6.0,38.0,13.0,1.0,цвет
927,карминный,прилагательное,1,0,1,0,0,0,0,0,0.0,2.0,13.0,37.0,цвет
928,карминово-красный,прилагательное,1,0,1,0,0,0,0,0,0.0,3.0,0.0,3.0,цвет
929,карминовый,прилагательное,1,0,1,0,0,0,0,0,0.0,5.0,12.0,15.0,цвет
935,каштаново-бурый,прилагательное,1,0,1,0,0,0,0,0,0.0,0.0,1.0,0.0,цвет
936,каштаново-коричневый,прилагательное,1,0,1,0,0,0,0,0,0.0,0.0,0.0,2.0,цвет
937,каштаново-красный,прилагательное,1,0,1,0,0,0,0,0,0.0,0.0,0.0,1.0,цвет
940,каштановый,прилагательное,1,0,1,0,0,0,0,0,29.0,254.0,799.0,1375.0,цвет
941,квадрат,существительное,1,0,1,0,0,0,0,0,130.0,383.0,1145.0,3607.0,форма
942,квадратный,прилагательное,1,0,1,0,0,0,0,0,71.0,673.0,1604.0,5172.0,форма
944,квас,существительное,0,0,0,1,0,1,1,0,114.0,1147.0,957.0,969.0,вкусный
947,квашеный,прилагательное,1,0,0,1,0,0,0,0,5.0,39.0,51.0,387.0,вкусный
949,киноварно-красный,прилагательное,1,0,1,0,0,0,0,0,0.0,0.0,1.0,1.0,цвет
950,киноварный,прилагательное,1,0,1,0,0,0,1,0,2.0,3.0,12.0,29.0,цвет
951,кипенный,прилагательное,1,0,1,0,0,0,1,0,0.0,0.0,7.0,14.0,цвет
954,кирпично-красный,прилагательное,1,0,1,0,0,0,1,0,0.0,10.0,36.0,40.0,цвет
956,кисленький,прилагательное,1,0,0,1,0,0,0,0,0.0,55.0,102.0,72.0,вкусный
958,кислинка,существительное,1,0,0,1,0,0,0,0,0.0,0.0,7.0,50.0,вкусный
959,кисло,наречие,1,0,0,1,0,0,0,0,3.0,128.0,228.0,418.0,вкусный
960,кисловато,наречие,1,0,0,1,0,0,0,0,0.0,8.0,9.0,21.0,вкусный
961,кислота,существительное,1,0,0,1,0,0,1,0,85.0,6697.0,1704.0,6789.0,вкусный
962,кислотность,существительное,1,0,0,1,0,0,0,0,0.0,21.0,42.0,342.0,вкусный
963,кислый,прилагательное,1,0,0,1,0,0,1,0,100.0,1347.0,1329.0,2459.0,вкусный
964,кислятина,существительное,1,0,0,1,0,0,0,0,0.0,51.0,48.0,127.0,вкусный
969,колкий,прилагательное,1,1,0,0,0,0,1,0,14.0,203.0,182.0,282.0,осязание
970,колко,наречие,1,1,0,0,0,0,1,0,1.0,67.0,40.0,54.0,осязание
973,колоритный,прилагательное,0,0,1,1,0,1,0,0,0.0,23.0,108.0,691.0,яркость
974,колотун,существительное,1,1,0,0,0,0,1,0,0.0,0.0,1.0,51.0,температура
977,колючий,прилагательное,1,1,0,0,0,0,0,0,17.0,397.0,1578.0,3498.0,осязание
978,колющий,прилагательное,1,1,0,0,0,0,0,0,7.0,13.0,112.0,190.0,осязание
989,кораллово-красный,прилагательное,1,0,1,0,0,0,0,0,0.0,3.0,2.0,11.0,цвет
990,кораллово-оранжевый,прилагательное,1,0,1,0,0,0,0,0,0.0,0.0,0.0,1.0,цвет
992,коралловый,прилагательное,1,0,1,0,0,0,1,0,7.0,97.0,222.0,448.0,цвет
994,коричневатый,прилагательное,1,0,1,0,0,0,0,0,0.0,11.0,37.0,265.0,цвет
995,коричневенький,прилагательное,1,0,1,0,0,0,0,0,0.0,1.0,2.0,6.0,цвет
996,коричнево-розовый,прилагательное,1,0,1,0,0,0,0,0,0.0,0.0,4.0,2.0,цвет
997,коричнево-серый,прилагательное,1,0,1,0,0,0,0,0,0.0,0.0,12.0,13.0,цвет
998,коричневый,прилагательное,1,0,1,0,0,0,0,0,1.0,755.0,2266.0,4800.0,цвет
1001,коротенек,наречие,0,0,1,0,1,0,0,0,1.0,58.0,19.0,44.0,размер
1003,коротенький,прилагательное,0,0,1,0,1,0,0,0,16.0,1144.0,1146.0,1185.0,размер
1005,короткий,прилагательное,0,0,1,0,1,0,0,0,371.0,7082.0,11318.0,23005.0,размер
1006,коротко,наречие,0,0,1,0,1,0,0,0,122.0,1810.0,2414.0,5401.0,размер
1008,коротковатый,прилагательное,0,0,1,0,1,0,0,0,0.0,5.0,14.0,184.0,размер
1011,корявый,прилагательное,1,0,1,0,0,0,0,0,3.0,216.0,811.0,1276.0,форма
1013,красненький,прилагательное,1,0,1,0,0,0,0,0,6.0,255.0,271.0,285.0,цвет
1014,краснехонький,прилагательное,1,0,1,0,0,0,0,0,0.0,1.0,1.0,1.0,цвет
1015,красно-коричневый,прилагательное,1,0,1,0,0,0,0,0,0.0,6.0,31.0,215.0,цвет
1016,красно-оранжевый,прилагательное,1,0,1,0,0,0,0,0,0.0,3.0,11.0,39.0,цвет
1017,красно-фиолетовый,прилагательное,1,0,1,0,0,0,0,0,1.0,16.0,9.0,26.0,цвет
1019,красновато-коричневый,прилагательное,1,0,1,0,0,0,0,0,0.0,12.0,9.0,43.0,цвет
1020,красновато-оранжевый,прилагательное,1,0,1,0,0,0,0,0,0.0,1.0,1.0,9.0,цвет
1021,красновато-розовый,прилагательное,1,0,1,0,0,0,0,0,0.0,1.0,2.0,4.0,цвет
1022,красновато-серый,прилагательное,1,0,1,0,0,0,0,0,0.0,3.0,8.0,6.0,цвет
1023,красновато-синий,прилагательное,1,0,1,0,0,0,0,0,0.0,1.0,0.0,2.0,цвет
1024,красный,прилагательное,1,0,1,0,0,0,0,0,980.0,15036.0,40280.0,48945.0,цвет
1026,красный-прекрасный,прилагательное,1,0,1,0,0,0,0,0,0.0,2.0,0.0,9.0,цвет
1027,красочно,наречие,0,0,1,1,0,0,1,светлый,0.0,0.0,139.0,375.0,яркость
1028,красочность,существительное,0,0,1,1,0,0,1,0,0.0,0.0,88.0,114.0,яркость
1029,красочный,прилагательное,0,0,1,1,0,0,1,яркий,8.0,13.0,672.0,1512.0,яркость
1032,кремово-белый,прилагательное,1,0,1,0,0,0,0,0,0.0,0.0,1.0,6.0,цвет
1034,кремово-розовый,прилагательное,1,0,1,0,0,0,0,0,0.0,0.0,0.0,4.0,цвет
1035,кремовый,прилагательное,1,0,1,0,0,0,1,0,0.0,1.0,139.0,457.0,цвет
1039,кривой,прилагательное,1,0,1,0,0,0,0,0,124.0,524.0,1310.0,1937.0,форма
1040,кроваво-красный,прилагательное,1,0,1,0,0,0,1,0,0.0,25.0,101.0,171.0,цвет
1041,кропкий,прилагательное,1,1,0,0,0,0,0,0,6.0,0.0,0.0,0.0,осязание
1042,крохкий,прилагательное,1,1,0,0,0,0,0,0,0.0,0.0,1.0,3.0,осязание
1044,крохотность,существительное,1,0,1,0,0,0,0,0,0.0,2.0,1.0,7.0,размер
1045,крохотный,прилагательное,1,0,1,0,0,0,0,0,0.0,299.0,1342.0,4309.0,размер
1047,крошечность,существительное,1,0,1,0,0,0,0,0,0.0,0.0,2.0,9.0,размер
1048,крошечный,прилагательное,1,0,1,0,0,0,0,0,2.0,1457.0,1898.0,3986.0,размер
1049,круг,существительное,1,0,1,0,0,0,0,0,604.0,8708.0,15223.0,27239.0,форма
1052,круглый,прилагательное,1,0,1,0,0,0,0,0,316.0,4475.0,8378.0,13427.0,форма
1054,крючковатый,прилагательное,1,0,1,0,0,0,0,0,1.0,81.0,179.0,178.0,форма
1055,кумачный,прилагательное,1,0,1,0,0,0,0,0,2.0,72.0,51.0,7.0,цвет
1056,кумачовый,прилагательное,1,0,1,0,0,0,0,0,0.0,32.0,132.0,190.0,цвет
1059,лазоревый,прилагательное,1,0,1,0,0,0,0,0,35.0,146.0,187.0,163.0,цвет
1060,лазуревый,прилагательное,1,0,1,0,0,0,0,0,0.0,8.0,4.0,1.0,цвет
1061,лазурно-голубой,прилагательное,1,0,1,0,0,0,0,0,0.0,0.0,2.0,6.0,цвет
1062,лазурно-синий,прилагательное,1,0,1,0,0,0,0,0,0.0,0.0,3.0,1.0,цвет
1063,лазурный,прилагательное,1,0,1,0,0,0,0,0,1.0,128.0,356.0,481.0,цвет
1064,лакомый,прилагательное,1,0,0,1,0,0,1,0,27.0,405.0,229.0,475.0,вкусный
1073,леденящий,прилагательное,1,1,0,0,0,0,1,0,0.0,72.0,179.0,420.0,температура
1074,ледышка,существительное,1,1,0,0,0,0,0,0,0.0,7.0,30.0,131.0,температура
1075,ледяной,прилагательное,1,1,0,0,0,0,0,0,34.0,1212.0,3497.0,6346.0,температура
1077,лилейный,прилагательное,1,0,1,0,0,0,0,0,5.0,34.0,21.0,54.0,цвет
1078,лиловатый,прилагательное,1,0,1,0,0,0,0,0,0.0,21.0,133.0,107.0,цвет
1079,лиловый,прилагательное,1,0,1,0,0,0,0,0,10.0,391.0,1420.0,1821.0,цвет
1082,лимонный,прилагательное,0,0,1,1,0,0,0,0,17.0,237.0,262.0,1072.0,цвет
1083,ломкий,прилагательное,1,1,0,0,0,0,0,0,5.0,35.0,179.0,510.0,осязание
1084,ломко,наречие,1,1,0,0,0,0,0,0,2.0,2.0,8.0,27.0,осязание
1089,лунно-белый,прилагательное,1,0,1,0,0,0,1,0,0.0,0.0,2.0,3.0,цвет
1104,малахитовый,прилагательное,1,0,1,0,0,0,1,0,0.0,40.0,177.0,231.0,цвет
1105,маленький,прилагательное,1,0,1,0,0,0,0,0,2064.0,34137.0,53201.0,99392.0,размер
1106,маленький-маленький,прилагательное,1,0,1,0,0,0,0,0,0.0,44.0,81.0,112.0,размер
1107,маленький-премаленький,прилагательное,1,0,1,0,0,0,0,0,0.0,4.0,2.0,6.0,размер
1108,маленькость,существительное,1,0,1,0,0,0,0,0,0.0,0.0,2.0,0.0,размер
1113,малиново-красный,прилагательное,1,0,1,0,0,0,0,0,0.0,2.0,8.0,23.0,цвет
1114,малиново-розовый,прилагательное,1,0,1,0,0,0,0,0,0.0,1.0,0.0,5.0,цвет
1115,малиновый,прилагательное,1,0,1,0,0,0,1,0,23.0,540.0,1336.0,1617.0,цвет
1116,малипусенький,прилагательное,1,0,1,0,0,0,0,0,0.0,0.0,0.0,1.0,размер
1122,малогабаритность,существительное,1,0,1,0,0,0,0,0,0.0,0.0,0.0,4.0,размер
1123,малогабаритный,прилагательное,1,0,1,0,0,0,0,0,0.0,0.0,4.0,314.0,размер
1128,малосольный,прилагательное,1,0,0,1,0,0,0,0,0.0,19.0,30.0,181.0,вкусный
1129,малосъедобный,прилагательное,1,0,0,1,0,0,0,0,0.0,0.0,3.0,14.0,вкусный
1131,малый,прилагательное,1,0,1,0,0,0,0,0,4157.0,23474.0,19878.0,37717.0,размер
1132,малюсенький,прилагательное,1,0,1,0,0,0,0,0,0.0,33.0,215.0,528.0,размер
1134,мареновый,прилагательное,1,0,1,0,0,0,0,0,0.0,1.0,1.0,3.0,цвет
1135,масенький,прилагательное,1,0,1,0,0,0,0,0,0.0,0.0,1.0,10.0,размер
1136,масленый,прилагательное,1,1,0,0,0,0,0,0,18.0,189.0,267.0,149.0,осязание
1137,маслянистый,прилагательное,1,1,0,0,0,0,0,0,0.0,115.0,182.0,456.0,осязание
1141,матово-белый,прилагательное,1,0,1,0,0,0,0,0,0.0,13.0,24.0,26.0,цвет
1142,матово-голубой,прилагательное,1,0,1,0,0,0,0,0,0.0,1.0,3.0,2.0,цвет
1143,матово-серый,прилагательное,1,0,1,0,0,0,0,0,0.0,1.0,4.0,8.0,цвет
1145,матовый,прилагательное,0,1,1,0,0,0,0,0,0.0,619.0,920.0,1143.0,яркость
1149,махонький,прилагательное,1,0,1,0,0,0,0,0,0.0,292.0,157.0,242.0,размер
1152,махотный,прилагательное,1,0,1,0,0,0,0,0,0.0,0.0,0.0,1.0,размер
1156,мгла,существительное,1,0,1,0,0,0,0,0,36.0,613.0,1812.0,1791.0,свет
1158,мглистый,прилагательное,1,0,1,0,0,0,0,0,1.0,50.0,238.0,260.0,свет
1161,медно-красный,прилагательное,1,0,1,0,0,0,0,0,0.0,26.0,86.0,33.0,цвет
1162,медноцветный,прилагательное,1,0,1,0,0,0,0,0,0.0,4.0,0.0,2.0,цвет
1163,медовый,прилагательное,1,0,1,0,0,0,1,0,10.0,349.0,504.0,935.0,вкусный
1165,мелкий,прилагательное,1,0,1,0,0,0,0,0,513.0,10146.0,14792.0,22697.0,размер
1166,меловой,прилагательное,1,0,1,0,0,0,1,0,21.0,211.0,312.0,524.0,цвет
1167,мелодизм,существительное,1,0,0,0,1,0,0,0,0.0,0.0,1.0,18.0,музыка
1168,мелодичность,существительное,1,0,0,0,1,0,0,0,0.0,18.0,23.0,35.0,музыка
1169,мелодичный,прилагательное,1,0,0,0,1,0,0,0,0.0,91.0,250.0,445.0,музыка
1170,мелодия,существительное,1,0,0,0,1,0,0,0,20.0,626.0,1225.0,4390.0,музыка
1180,мертвенно-бледный,прилагательное,1,0,1,0,0,0,1,0,0.0,28.0,97.0,53.0,цвет
1182,мертвенно-серый,прилагательное,1,0,1,0,0,0,1,0,0.0,0.0,3.0,4.0,цвет
1184,миниатюрный,прилагательное,1,0,1,0,0,0,0,0,7.0,387.0,362.0,1565.0,размер
1185,многоголосие,существительное,1,0,0,0,1,0,0,0,0.0,0.0,10.0,152.0,музыка
1191,многоугольный,прилагательное,1,0,1,0,0,0,0,0,5.0,16.0,19.0,43.0,форма
1192,модуляция,существительное,1,0,0,0,1,0,0,0,0.0,15.0,111.0,266.0,музыка
1193,моклый,прилагательное,1,1,0,0,0,0,0,0,0.0,0.0,1.0,0.0,атмосфера
1194,мокренек,прилагательное,1,1,0,0,0,0,0,0,0.0,19.0,5.0,5.0,атмосфера
1195,мокренький,прилагательное,1,1,0,0,0,0,0,0,0.0,3.0,19.0,18.0,атмосфера
1198,мокро,наречие,1,1,0,0,0,0,0,0,10.0,96.0,305.0,384.0,атмосфера
1199,мокрущий,прилагательное,1,1,0,0,0,0,0,0,0.0,0.0,0.0,2.0,атмосфера
1200,мокрый,прилагательное,1,1,0,0,0,0,0,0,153.0,2268.0,6796.0,11748.0,атмосфера
1201,мокрющий,прилагательное,1,1,0,0,0,0,0,0,0.0,0.0,0.0,2.0,атмосфера
1202,молочно-бежевый,прилагательное,1,0,1,0,0,0,0,0,0.0,0.0,0.0,3.0,цвет
1203,молочно-белый,прилагательное,1,0,1,0,0,0,0,0,0.0,39.0,62.0,136.0,цвет
1204,молочно-голубой,прилагательное,1,0,1,0,0,0,0,0,0.0,3.0,27.0,12.0,цвет
1209,морозно,наречие,1,1,0,0,0,0,0,0,1.0,47.0,200.0,214.0,температура
1210,морозный,прилагательное,1,1,0,0,0,0,0,0,25.0,513.0,1750.0,2170.0,температура
1216,мраморно-белый,прилагательное,1,0,1,0,0,0,0,0,0.0,0.0,6.0,4.0,цвет
1217,мрачно,наречие,1,0,1,0,0,0,1,0,5.0,1194.0,1980.0,2724.0,свет
1218,мрачный,прилагательное,1,0,1,0,0,0,1,0,274.0,5730.0,6319.0,6798.0,свет
1220,музыка,существительное,1,0,0,0,1,0,0,0,345.0,7897.0,13791.0,31359.0,музыка
1222,мутнить,глагол,1,0,1,0,0,0,1,0,0.0,0.0,3.0,1.0,свет
1224,мутно,наречие,1,0,1,0,0,0,1,0,1.0,63.0,359.0,272.0,свет
1225,мутно-белый,прилагательное,1,0,1,0,0,0,0,0,0.0,3.0,22.0,19.0,цвет
1226,мутно-голубой,прилагательное,1,0,1,0,0,0,0,0,0.0,3.0,14.0,10.0,цвет
1227,мутно-серый,прилагательное,1,0,1,0,0,0,0,0,0.0,5.0,16.0,16.0,цвет
1228,мутный,прилагательное,1,0,1,0,0,0,1,0,51.0,1314.0,2904.0,3658.0,свет
1230,мухортый,прилагательное,1,0,1,0,0,0,1,0,0.0,12.0,15.0,6.0,цвет
1231,мучнисто-белый,прилагательное,1,0,1,0,0,0,1,0,0.0,1.0,2.0,12.0,цвет
1232,мышастый,прилагательное,1,0,1,0,0,0,1,0,0.0,8.0,32.0,32.0,цвет
1233,мышино-серый,прилагательное,1,0,1,0,0,0,1,0,0.0,0.0,1.0,7.0,цвет
1234,мягенький,прилагательное,0,1,0,1,1,1,0,0,0.0,2.0,4.0,16.0,осязание
1235,мягкий,прилагательное,0,1,0,1,1,1,0,0,317.0,5478.0,9694.0,15770.0,осязание
1236,мягкий-мягкий,прилагательное,0,1,0,1,1,1,0,0,0.0,1.0,3.0,14.0,осязание
1237,мягко,наречие,0,1,0,1,1,1,0,0,16.0,972.0,2708.0,5939.0,осязание
1238,мягковатый,прилагательное,0,1,0,1,1,1,0,0,1.0,3.0,3.0,20.0,осязание
1240,мягонький,прилагательное,0,1,0,1,1,1,0,0,0.0,4.0,18.0,61.0,осязание
1242,мяконький,прилагательное,0,1,0,1,1,1,0,0,0.0,15.0,11.0,29.0,осязание
1249,нажористый,прилагательное,1,0,0,1,0,0,0,0,0.0,0.0,0.0,5.0,вкусный
1251,накаленный,причастие,1,1,0,0,0,0,1,0,0.0,0.0,0.0,6.0,температура
1254,налитой,прилагательное,0,0,1,1,0,0,0,полный,22.0,288.0,582.0,711.0,вкусный
1255,намокнуть,глагол,1,1,0,0,0,0,0,0,3.0,74.0,309.0,433.0,атмосфера
1258,напев,существительное,1,0,0,0,1,0,0,0,4.0,316.0,365.0,278.0,музыка
1270,неаппетитный,прилагательное,1,0,0,1,0,0,0,0,0.0,6.0,25.0,69.0,вкусный
1271,неароматный,прилагательное,0,0,0,1,0,1,0,0,0.0,0.0,0.0,1.0,вонь
1272,небесно-голубой,прилагательное,1,0,1,0,0,0,0,0,1.0,18.0,29.0,110.0,цвет
1273,небесно-синий,прилагательное,1,0,1,0,0,0,0,0,0.0,0.0,2.0,16.0,цвет
1275,небесный,прилагательное,1,0,1,0,0,0,1,0,1335.0,4903.0,5022.0,7619.0,цвет
1277,неблестящий,прилагательное,1,0,1,0,0,0,0,0,0.0,23.0,14.0,16.0,яркость
1278,небольшой,прилагательное,1,0,1,0,0,0,0,0,987.0,18447.0,20459.0,40041.0,размер
1279,неброский,прилагательное,1,0,1,0,0,0,0,0,0.0,0.0,3.0,295.0,яркость
1280,неброско,наречие,1,0,1,0,0,0,0,0,0.0,0.0,0.0,52.0,яркость
1281,невелик,прилагательное,1,0,1,0,0,0,0,0,1.0,1.0,2.0,0.0,размер
1282,невеликий,прилагательное,1,0,1,0,0,0,0,0,62.0,89.0,48.0,260.0,размер
1287,невзрачно,наречие,1,0,1,0,0,0,0,0,0.0,8.0,5.0,23.0,яркость
1288,невзрачный,прилагательное,1,0,1,0,0,0,0,0,2.0,378.0,449.0,1048.0,яркость
1289,невкусный,прилагательное,1,0,0,1,0,0,0,0,15.0,76.0,132.0,351.0,вкусный
1290,невлажный,прилагательное,1,1,0,0,0,0,0,0,0.0,0.0,1.0,2.0,атмосфера
1298,неглубокий,прилагательное,1,0,1,0,0,0,0,0,9.0,220.0,405.0,901.0,размер
1314,недлинный,прилагательное,0,0,1,0,1,0,0,0,0.0,40.0,99.0,151.0,размер
1317,недюжинный,прилагательное,1,0,1,0,0,0,0,0,0.0,211.0,175.0,412.0,размер 
1321,нежно-голубой,прилагательное,1,0,1,0,0,0,0,0,0.0,21.0,60.0,86.0,цвет
1323,нежно-золотой,прилагательное,1,0,1,0,0,0,0,0,0.0,0.0,5.0,2.0,цвет
1324,нежно-розовый,прилагательное,1,0,1,0,0,0,0,0,0.0,26.0,74.0,154.0,цвет
1325,нежно-фиолетовый,прилагательное,1,0,1,0,0,0,0,0,0.0,3.0,7.0,6.0,цвет
1327,нежный,прилагательное,0,1,1,1,1,1,0,0,851.0,6430.0,7859.0,9176.0,осязание
1328,незабудковый,прилагательное,1,0,1,0,0,0,1,0,0.0,0.0,1.0,1.0,цвет
1335,нейтрально-серый,прилагательное,1,0,1,0,0,0,0,0,0.0,0.0,0.0,2.0,цвет
1339,некрепкий,прилагательное,0,1,1,1,0,1,0,0,2.0,38.0,37.0,92.0,осязание
1340,некрепко,наречие,0,1,1,1,0,1,0,0,1.0,19.0,16.0,22.0,осязание
1344,немаленький,прилагательное,1,0,1,0,0,0,0,0,6.0,24.0,23.0,230.0,размер 
1345,немалый,прилагательное,1,0,1,0,0,0,0,0,1019.0,1567.0,1406.0,5197.0,размер 
1351,необмерный,прилагательное,1,0,1,0,0,0,0,0,0.0,0.0,1.0,3.0,размер 
1355,неострый,прилагательное,0,1,1,1,0,1,0,0,0.0,4.0,2.0,12.0,осязание
1356,неостывший,прилагательное,1,1,0,0,0,0,0,0,0.0,20.0,46.0,85.0,температура
1363,неприглядный,прилагательное,1,0,1,0,0,0,0,0,0.0,256.0,301.0,594.0,яркость
1369,непроглядный,прилагательное,1,0,1,0,0,0,0,0,0.0,258.0,359.0,507.0,свет
1371,неровно,наречие,0,1,1,0,0,0,0,0,8.0,171.0,306.0,450.0,форма
1372,неровность,существительное,0,1,1,0,0,0,0,0,24.0,247.0,207.0,509.0,форма
1373,неровный,прилагательное,0,1,1,0,0,0,0,0,42.0,765.0,994.0,1670.0,форма
1375,несладкий,прилагательное,0,0,0,1,0,1,0,0,0.0,7.0,25.0,119.0,вкусный
1376,несладко,наречие,0,0,0,1,0,1,0,0,1.0,18.0,50.0,273.0,вкусный
1379,несогнутый,прилагательное,1,0,1,0,0,0,0,0,0.0,0.0,2.0,4.0,форма
1383,несъедобный,прилагательное,1,0,0,1,0,0,0,0,0.0,15.0,61.0,289.0,вкусный
1384,нетвёрдый,прилагательное,0,1,0,0,1,0,0,0,14.0,256.0,219.0,280.0,осязание
1396,неширокий,прилагательное,1,0,1,0,0,0,0,0,7.0,156.0,145.0,371.0,форма
1397,нешироко,наречие,1,0,1,0,0,0,0,0,1.0,3.0,4.0,12.0,форма
1399,неяркий,прилагательное,1,0,1,0,0,0,0,0,0.0,21.0,163.0,476.0,яркость
1400,неярко,наречие,1,0,1,0,0,0,0,0,0.0,2.0,37.0,68.0,яркость
1401,неяркость,существительное,1,0,1,0,0,0,0,0,0.0,0.0,2.0,8.0,яркость
1406,низенький,прилагательное,0,0,1,0,1,0,0,0,13.0,1094.0,1208.0,986.0,размер
1408,низкий,прилагательное,0,0,1,0,1,0,0,0,687.0,7308.0,9902.0,19912.0,размер
1409,низко,наречие,0,0,1,0,1,0,0,0,67.0,2018.0,3340.0,2861.0,размер
1410,нота,существительное,1,0,0,0,1,1,1,аромат,41.0,2309.0,3493.0,4515.0,музыка
1415,нямка,существительное,1,0,0,1,0,0,0,0,0.0,0.0,0.0,1.0,вкусный
1418,обертон,существительное,1,0,0,0,1,0,0,0,0.0,12.0,78.0,260.0,музыка
1420,обжигающе,наречие,1,1,0,0,0,0,0,0,0.0,0.0,4.0,75.0,температура
1421,обжигающе-горячий,прилагательное,1,1,0,0,0,0,0,0,0.0,0.0,0.0,1.0,температура
1422,обжигающий,прилагательное,1,1,0,0,0,0,0,0,0.0,0.0,0.0,2.0,температура
1434,объедение,существительное,1,0,0,1,0,0,0,0,0.0,49.0,37.0,77.0,вкусный
1435,овал,существительное,1,0,1,0,0,0,0,0,7.0,105.0,272.0,735.0,форма
1436,овально,наречие,1,0,1,0,0,0,0,0,0.0,5.0,1.0,7.0,форма
1438,овально-ромбический,прилагательное,1,0,1,0,0,0,0,0,0.0,0.0,0.0,2.0,форма
1440,овальность,существительное,1,0,1,0,0,0,0,0,0.0,2.0,4.0,12.0,форма
1441,овальный,прилагательное,1,0,1,0,0,0,0,0,17.0,300.0,478.0,1390.0,форма
1453,огненно-красный,прилагательное,1,0,1,0,0,0,0,0,0.0,11.0,79.0,76.0,цвет
1454,огненно-фиолетовый,прилагательное,1,0,1,0,0,0,0,0,0.0,0.0,2.0,0.0,цвет
1459,огромный,прилагательное,1,0,1,0,0,0,0,0,324.0,14387.0,30264.0,55729.0,размер 
1460,огрубелый,прилагательное,1,1,0,0,0,0,0,0,1.0,48.0,104.0,74.0,осязание
1461,одеревенелый,прилагательное,1,1,0,0,0,0,1,0,1.0,19.0,22.0,39.0,осязание
1465,ознобный,прилагательное,1,1,0,0,0,0,1,0,0.0,1.0,5.0,32.0,температура
1467,окрик,существительное,1,0,0,0,1,0,0,0,2.0,298.0,971.0,866.0,голос
1469,окрикивать,глагол,1,0,0,0,1,0,0,0,0.0,5.0,13.0,10.0,голос
1471,округло,наречие,1,0,1,0,0,0,0,0,0.0,6.0,34.0,71.0,форма
1472,округлость,существительное,1,0,1,0,0,0,0,0,6.0,65.0,84.0,230.0,форма
1473,округлый,прилагательное,0,1,1,0,0,0,0,0,1.0,103.0,257.0,1688.0,форма
1478,оливково-коричневый,прилагательное,1,0,1,0,0,0,0,0,0.0,0.0,0.0,2.0,цвет
1479,оливково-серый,прилагательное,1,0,1,0,0,0,0,0,0.0,0.0,0.0,1.0,цвет
1487,ор,существительное,1,0,0,0,1,0,0,0,17.0,160.0,410.0,1314.0,голос
1489,оранжево-коричневый,прилагательное,1,0,1,0,0,0,0,0,0.0,0.0,2.0,6.0,цвет
1490,оранжево-красный,прилагательное,1,0,1,0,0,0,0,0,0.0,6.0,18.0,80.0,цвет
1491,оранжево-розовый,прилагательное,1,0,1,0,0,0,0,0,0.0,0.0,7.0,7.0,цвет
1492,оранжевый,прилагательное,1,0,1,0,0,0,0,0,12.0,211.0,913.0,3243.0,цвет
1493,орать,существительное,1,0,0,0,1,0,1,0,25.0,497.0,1560.0,4420.0,голос
1496,освещать,глагол,1,0,1,0,0,0,1,0,115.0,1612.0,2693.0,2682.0,свет
1497,освещение,существительное,1,0,1,0,0,0,1,0,23.0,1614.0,3021.0,3601.0,свет
1499,осклизлость,существительное,1,1,0,0,0,0,0,0,0.0,0.0,0.0,4.0,осязание
1500,осклизлый,прилагательное,1,1,0,0,0,0,0,0,0.0,19.0,51.0,161.0,осязание
1501,ослепительный,прилагательное,1,0,1,0,0,0,1,0,2.0,407.0,1175.0,1754.0,яркость
1503,ослеплять,глагол,1,0,1,0,0,0,0,0,57.0,279.0,343.0,440.0,яркость
1504,ослепляющий,причастие,1,0,1,0,0,0,0,0,0.0,0.0,10.0,19.0,яркость
1507,ослизлый,прилагательное,1,1,0,0,0,0,0,0,1.0,20.0,27.0,20.0,осязание
1515,острейший,прилагательное,0,1,1,1,0,1,1,0,5.0,2.0,1.0,1.0,осязание
1516,остренький,прилагательное,0,1,1,1,0,1,1,0,0.0,29.0,173.0,239.0,осязание
1519,островерхий,прилагательное,0,1,1,0,0,0,0,0,0.0,31.0,94.0,236.0,форма
1520,остроконечный,прилагательное,0,1,1,0,0,0,0,0,14.0,372.0,388.0,325.0,форма
1521,остропахучий,прилагательное,1,0,0,0,0,1,0,0,0.0,0.0,4.0,1.0,вонь
1522,острота,существительное,0,1,1,1,0,1,1,0,186.0,1262.0,1848.0,2558.0,форма
1524,острый-острый,прилагательное,0,1,1,1,0,1,0,0,0.0,0.0,4.0,2.0,осязание
1525,острый-преострый,прилагательное,0,1,1,1,0,1,0,0,0.0,1.0,6.0,1.0,осязание
1528,остылый,прилагательное,1,1,0,0,0,0,1,0,2.0,43.0,51.0,123.0,температура
1529,осязание,существительное,1,1,0,0,0,0,0,0,44.0,174.0,204.0,264.0,осязание
1530,отблеск,существительное,1,0,1,0,0,0,0,0,0.0,426.0,1056.0,1117.0,свет
1531,отблескивать,глагол,1,0,1,0,0,0,0,0,0.0,1.0,31.0,78.0,свет
1538,отголосок,существительное,1,0,0,0,1,0,0,0,13.0,660.0,683.0,790.0,звучать
1539,отдушка,существительное,1,0,0,0,0,1,0,0,0.0,0.0,1.0,59.0,запах
1540,отзвук,существительное,1,0,0,0,1,0,0,0,0.0,104.0,596.0,743.0,звучать
1547,отсвечивание,существительное,1,0,1,0,0,0,0,0,3.0,2.0,1.0,3.0,свет
1548,отсвечивать,глагол,1,0,1,0,0,0,0,0,0.0,48.0,199.0,458.0,свет
1550,отсырелый,причастие,1,1,0,0,0,0,0,0,2.0,21.0,47.0,80.0,атмосфера
1551,отсыреть,глагол,1,1,0,0,0,0,0,0,0.0,50.0,187.0,306.0,атмосфера
1553,оттенок,существительное,0,0,1,1,1,1,0,"вкус, аромат",18.0,2471.0,3046.0,5577.0,цвет
1560,охладелый,прилагательное,1,1,0,0,0,0,1,0,1.0,42.0,12.0,21.0,температура
1566,ощупывать,глагол,1,1,0,0,0,0,0,0,1.0,340.0,658.0,1000.0,осязание
1567,ощупь,существительное,1,1,0,0,0,0,0,0,2.0,43.0,226.0,1197.0,осязание
1579,палящий,прилагательное,1,1,0,0,0,0,1,0,7.0,333.0,302.0,429.0,атмосфера
1583,пастельно-розовый,прилагательное,1,0,1,0,0,0,0,0,0.0,0.0,0.0,1.0,цвет
1584,пастельный,прилагательное,1,0,1,0,0,0,1,0,1.0,2.0,12.0,131.0,цвет
1585,паточный,прилагательное,1,0,0,1,0,0,1,0,0.0,16.0,33.0,22.0,вкусный
1586,пахнуть,глагол,1,0,0,0,0,1,0,0,48.0,2663.0,7846.0,13654.0,запах
1588,пахучесть,существительное,1,0,0,0,0,1,0,0,0.0,7.0,11.0,15.0,запах
1589,пахучий,прилагательное,1,0,0,0,0,1,0,0,4.0,281.0,727.0,1076.0,запах
1592,пекло,существительное,1,1,0,0,0,0,1,0,1.0,262.0,403.0,910.0,атмосфера
1594,пение,существительное,1,0,0,0,1,0,0,0,285.0,3818.0,5063.0,4514.0,звучать
1595,пепельно-голубой,прилагательное,1,0,1,0,0,0,0,0,0.0,3.0,3.0,7.0,цвет
1596,пепельно-серый,прилагательное,1,0,1,0,0,0,0,0,0.0,5.0,36.0,66.0,цвет
1606,перезвон,существительное,1,0,0,0,1,0,0,0,0.0,96.0,271.0,315.0,звучать
1623,перламутровый,прилагательное,1,0,1,0,0,0,1,0,0.0,119.0,253.0,682.0,цвет
1625,перченый,прилагательное,1,0,0,1,0,0,0,0,0.0,0.0,1.0,33.0,вкусный
1627,перчить,глагол,1,0,0,1,0,0,0,0,0.0,2.0,4.0,26.0,вкусный
1629,песня,существительное,1,0,0,0,1,0,0,0,608.0,12259.0,16051.0,30772.0,музыка
1632,петь,глагол,1,0,0,0,1,0,0,0,437.0,10415.0,19141.0,23807.0,музыка
1644,плоский,прилагательное,0,0,1,0,1,0,0,0,134.0,1661.0,3105.0,5866.0,размер
1646,плоскость,существительное,0,0,1,0,1,0,1,0,53.0,1097.0,1602.0,3885.0,размер
1649,плотный,прилагательное,0,1,1,1,1,1,0,0,73.0,1649.0,2967.0,7786.0,осязание
1653,пованивать,глагол,1,0,0,0,0,1,0,0,0.0,3.0,11.0,63.0,вонь
1654,повеять,глагол,1,0,0,0,0,1,0,0,13.0,338.0,474.0,486.0,запах
1661,подванивать,глагол,1,0,0,0,0,1,0,0,0.0,0.0,1.0,23.0,вонь
1662,подголосок,существительное,1,0,0,0,1,0,0,0,0.0,15.0,88.0,69.0,голос
1665,подмоклый,причастие,1,1,0,0,0,0,0,0,1.0,7.0,56.0,15.0,атмосфера
1666,подмокнуть,глагол,1,1,0,0,0,0,0,0,0.0,23.0,43.0,72.0,атмосфера
1672,покато,прилагательное,1,0,1,0,0,0,0,0,6.0,17.0,21.0,15.0,форма
1673,покатость,существительное,1,0,1,0,0,0,0,0,7.0,222.0,47.0,27.0,форма
1674,покатый,прилагательное,1,0,1,0,0,0,0,0,17.0,219.0,388.0,559.0,форма
1676,полифония,существительное,1,0,0,0,1,0,0,0,0.0,0.0,12.0,262.0,музыка
1679,полутон,существительное,0,0,1,1,1,1,1,0,1.0,38.0,102.0,287.0,цвет
1683,попахивать,глагол,1,0,0,0,0,1,0,0,0.0,48.0,134.0,432.0,вонь
1684,поперчить,глагол,1,0,0,1,0,0,0,0,0.0,9.0,10.0,102.0,вкусный
1686,послевкусие,существительное,1,0,0,1,0,0,0,0,0.0,0.0,0.0,76.0,вкусный
1694,поющий,причастие,1,0,0,0,1,0,0,0,2.0,8.0,8.0,4.0,музыка
1695,пребелый,прилагательное,1,0,1,0,0,0,0,0,0.0,1.0,0.0,0.0,цвет
1696,пребольшой,прилагательное,1,0,1,0,0,0,0,0,21.0,99.0,17.0,20.0,размер 
1697,превкусный,прилагательное,1,0,0,1,0,0,0,0,1.0,48.0,45.0,7.0,вкусный
1698,преглубокий,прилагательное,0,0,1,1,1,0,0,0,13.0,12.0,4.0,3.0,размер
1699,преглубоко,наречие,0,0,1,1,1,0,0,0,1.0,2.0,0.0,0.0,размер
1700,прегорький,прилагательное,0,0,0,1,0,1,0,0,15.0,4.0,2.0,0.0,вкусный
1701,прегорько,наречие,0,0,0,1,0,1,0,0,1.0,6.0,1.0,0.0,вкусный
1702,прегорячий,прилагательное,1,1,0,0,0,0,0,0,0.0,5.0,0.0,0.0,температура
1704,предлинный,прилагательное,0,0,1,0,1,0,0,0,15.0,152.0,40.0,37.0,размер
1705,прежирный,прилагательное,0,1,1,0,0,0,0,0,1.0,9.0,0.0,0.0,вкусный
1707,прекислый,прилагательное,1,0,0,1,0,0,0,0,2.0,0.0,29.0,28676.0,вкусный
1709,премаленький,прилагательное,1,0,1,0,0,0,0,0,0.0,5.0,2.0,1.0,размер
1711,премягкий,прилагательное,0,1,1,1,1,1,0,0,1.0,7.0,1.0,0.0,осязание
1719,пресветлый,прилагательное,1,0,1,0,0,0,0,0,93.0,121.0,161.0,67.0,яркость
1723,пресладкий,прилагательное,1,0,0,1,0,0,0,0,11.0,16.0,8.0,6.0,вкусный
1724,пресный,прилагательное,1,0,0,1,0,0,0,0,119.0,514.0,680.0,1642.0,вкусный
1725,пресухой,прилагательное,1,1,0,0,0,0,0,0,0.0,2.0,0.0,0.0,атмосфера
1728,преузкий,прилагательное,1,0,1,0,0,0,0,0,1.0,2.0,0.0,0.0,форма
1730,прехолодный,прилагательное,1,1,0,0,0,0,0,0,0.0,6.0,0.0,2.0,температура
1732,преширокий,прилагательное,1,0,1,0,0,0,0,0,2.0,11.0,1.0,0.0,размер
1736,привкус,существительное,1,0,0,1,0,1,0,аромат,0.0,6.0,255.0,873.0,вкусный
1739,пригарь,существительное,1,0,0,0,0,1,0,0,4.0,0.0,4.0,1.0,вонь
1741,приглубый,прилагательное,1,0,1,0,0,0,0,0,0.0,13.0,6.0,5.0,размер
1753,пригорелый,прилагательное,1,0,0,0,0,1,0,0,1.0,28.0,18.0,29.0,вкусный
1755,придыхание,существительное,1,0,0,0,1,0,0,0,0.0,44.0,84.0,283.0,голос
1762,припекать,глагол,1,1,0,0,0,0,1,0,0.0,82.0,142.0,293.0,атмосфера
1763,припечь,глагол,1,1,0,0,0,0,1,0,0.0,43.0,56.0,144.0,атмосфера
1773,приторно,наречие,0,0,0,1,0,1,0,0,1.0,44.0,53.0,92.0,вкусный
1774,приторно-сладкий,прилагательное,0,0,0,1,0,1,0,0,0.0,8.0,7.0,29.0,вкусный
1775,приторность,существительное,0,0,0,1,0,1,0,0,0.0,68.0,41.0,48.0,вкусный
1776,приторный,прилагательное,0,0,0,1,0,1,0,0,3.0,224.0,211.0,337.0,вкусный
1796,прогорклый,прилагательное,0,0,0,1,0,1,0,0,0.0,37.0,56.0,138.0,вкусный
1797,продолговатый,прилагательное,1,0,1,0,0,0,0,0,113.0,630.0,491.0,974.0,размер
1803,прозрачно-голубой,прилагательное,1,0,1,0,0,0,0,0,0.0,5.0,15.0,28.0,цвет
1805,прозрачно-синий,прилагательное,1,0,1,0,0,0,0,0,0.0,2.0,13.0,4.0,цвет
1806,прозрачность,существительное,0,0,1,0,1,0,1,0,24.0,185.0,352.0,1445.0,свет
1807,прозрачный,прилагательное,1,0,1,0,0,0,1,0,189.0,1979.0,4051.0,9121.0,яркость
1816,прокислый,прилагательное,0,0,0,1,0,1,0,0,2.0,45.0,22.0,24.0,вкусный
1818,прокисший,прилагательное,0,0,0,1,0,1,0,0,0.0,0.0,0.0,1.0,вкусный
1822,промозглый,прилагательное,1,1,0,0,0,0,0,0,0.0,45.0,146.0,449.0,атмосфера
1823,промокнуть,глагол,1,1,0,0,0,0,0,0,0.0,277.0,584.0,1287.0,атмосфера
1826,пронзительный,прилагательное,1,1,0,0,0,0,1,0,5.0,750.0,1229.0,2197.0,звучать
1841,простонать,глагол,1,0,0,0,1,0,1,0,1.0,437.0,501.0,704.0,голос
1847,протухлый,прилагательное,0,0,0,1,0,1,0,0,3.0,58.0,22.0,32.0,вонь
1848,протухший,прилагательное,0,0,0,1,0,1,0,0,0.0,9.0,39.0,112.0,вонь
1850,протяжно,наречие,0,0,1,0,1,0,0,0,1.0,551.0,618.0,627.0,звучать
1851,протяжность,существительное,0,0,1,0,1,0,0,0,1.0,4.0,9.0,10.0,звучать
1852,протяжный,прилагательное,0,0,1,0,1,0,0,0,19.0,496.0,671.0,858.0,звучать
1854,прохладно,наречие,1,1,0,0,0,0,1,0,2.0,194.0,610.0,1178.0,температура
1855,прохладный,прилагательное,0,1,0,0,0,1,1,0,40.0,599.0,1641.0,3515.0,температура
1872,пряменький,прилагательное,1,0,1,0,0,0,0,0,0.0,2.0,13.0,19.0,форма
1873,пряменько,наречие,1,0,1,0,0,0,0,0,0.0,19.0,9.0,7.0,форма
1876,прямешенький,прилагательное,1,0,1,0,0,0,0,0,0.0,2.0,0.0,2.0,форма
1881,прямой,прилагательное,1,0,1,0,0,0,0,0,776.0,7379.0,10700.0,24504.0,форма
1882,прямость,существительное,1,0,1,0,0,0,0,0,0.0,0.0,3.0,2.0,форма
1883,прямоугольник,существительное,1,0,1,0,0,0,0,0,3.0,72.0,216.0,1050.0,форма
1885,прямоугольный,прилагательное,1,0,1,0,0,0,0,0,3.0,144.0,207.0,1370.0,форма
1886,пряно,наречие,0,0,0,1,0,1,0,0,0.0,7.0,34.0,58.0,вкусный
1887,пряность,существительное,0,0,0,1,0,1,0,0,5.0,138.0,90.0,531.0,вкусный
1888,пряный,прилагательное,0,0,0,1,0,1,0,0,47.0,103.0,331.0,626.0,вкусный
1895,пунцово-красный,прилагательное,1,0,1,0,0,0,0,0,0.0,2.0,4.0,4.0,цвет
1897,пунцовый,прилагательное,1,0,1,0,0,0,0,0,1.0,403.0,408.0,452.0,цвет
1898,пурпурно-красный,прилагательное,1,0,1,0,0,0,0,0,0.0,1.0,4.0,17.0,цвет
1899,пурпурно-розовый,прилагательное,1,0,1,0,0,0,0,0,0.0,1.0,0.0,2.0,цвет
1900,пурпурный,прилагательное,1,0,1,0,0,0,0,0,2.0,65.0,231.0,530.0,цвет
1901,пурпуровый,прилагательное,1,0,1,0,0,0,0,0,17.0,178.0,173.0,92.0,цвет
1905,пушистый,прилагательное,1,1,0,0,0,0,0,0,15.0,479.0,1332.0,2219.0,осязание
1906,пылающий,прилагательное,1,1,0,0,0,0,1,0,0.0,0.0,2.0,0.0,температура
1910,пюсовый,прилагательное,1,0,1,0,0,0,0,0,1.0,7.0,1.0,0.0,цвет
1914,пятнистый,прилагательное,1,0,1,0,0,0,0,0,0.0,36.0,259.0,857.0,цвет
1924,раздаваться,глагол,1,0,0,0,1,0,1,0,95.0,4475.0,4237.0,3959.0,звучать
1934,разить,глагол,1,0,0,0,0,1,0,0,11.0,222.0,375.0,394.0,запах
1947,разноситься,глагол,1,0,0,0,1,0,1,0,12.0,392.0,416.0,562.0,звучать
1950,разноцветность,существительное,1,0,1,0,0,0,0,0,4.0,7.0,9.0,8.0,цвет
1951,разноцветный,прилагательное,1,0,1,0,0,0,0,0,89.0,1189.0,1731.0,3762.0,цвет
1955,разящий,причастие,1,0,0,0,0,1,0,0,2.0,12.0,79.0,193.0,вонь
1957,раскат,существительное,1,0,0,0,1,0,0,0,43.0,384.0,766.0,636.0,звучать
1963,распаленный,причастие,1,1,0,0,0,0,0,0,0.0,0.0,3.0,2.0,температура
1990,реветь,глагол,0,0,0,0,1,1,0,издавать запах,39.0,988.0,1824.0,2467.0,голос
1991,ревущий,причастие,1,0,0,0,1,0,0,0,1.0,0.0,3.0,0.0,голос
1992,режущий,прилагательное,1,1,0,0,0,0,1,0,0.0,76.0,301.0,668.0,осязание
1997,ржаво-коричневый,прилагательное,1,0,1,0,0,0,0,0,0.0,0.0,1.0,5.0,цвет
1998,ржаво-красный,прилагательное,1,0,1,0,0,0,0,0,0.0,0.0,4.0,5.0,цвет
1999,ржаво-серый,прилагательное,1,0,1,0,0,0,0,0,0.0,0.0,3.0,2.0,цвет
2000,ржавый,прилагательное,1,0,1,0,0,0,0,0,7.0,193.0,929.0,2774.0,цвет
2001,ржание,существительное,1,0,0,0,1,0,0,0,2.0,215.0,336.0,299.0,звучать
2002,ржать,глагол,1,0,0,0,1,0,0,0,4.0,142.0,464.0,826.0,звучать
2005,рингтон,существительное,1,0,0,0,1,0,0,0,0.0,0.0,0.0,22.0,звучать
2014,ровный,прилагательное,0,1,1,0,1,0,0,гладкий,286.0,2644.0,4091.0,7010.0,форма
2016,розоватенький,прилагательное,1,0,1,0,0,0,0,0,0.0,0.0,1.0,4.0,цвет
2018,розовато-красный,прилагательное,1,0,1,0,0,0,0,0,0.0,0.0,2.0,7.0,цвет
2019,розоватый,прилагательное,1,0,1,0,0,0,0,0,1.0,78.0,428.0,616.0,цвет
2020,розовенький,прилагательное,1,0,1,0,0,0,0,0,0.0,72.0,75.0,78.0,цвет
2021,розово-красный,прилагательное,1,0,1,0,0,0,0,0,0.0,4.0,11.0,26.0,цвет
2022,розово-фиолетовый,прилагательное,1,0,1,0,0,0,0,0,0.0,4.0,4.0,17.0,цвет
2023,розоволицый,прилагательное,1,0,1,0,0,0,0,0,0.0,0.0,7.0,20.0,цвет
2025,розовый,прилагательное,1,0,1,0,0,0,0,0,112.0,3157.0,6704.0,9469.0,цвет
2033,рулада,существительное,1,0,0,0,1,0,0,0,0.0,99.0,87.0,137.0,музыка
2036,рыже-красный,прилагательное,1,0,1,0,0,0,0,0,0.0,1.0,10.0,6.0,цвет
2037,рыжевато-коричневый,прилагательное,1,0,1,0,0,0,0,0,0.0,0.0,0.0,6.0,цвет
2038,рыжий,прилагательное,1,0,1,0,0,0,0,0,18.0,1594.0,5188.0,7829.0,цвет
2039,рыхло,наречие,1,1,0,0,0,0,0,0,2.0,7.0,29.0,44.0,осязание
2040,рыхлый,прилагательное,1,1,0,0,0,0,0,0,40.0,480.0,981.0,1655.0,осязание
2047,сальный,прилагательное,0,1,0,0,0,1,1,0,22.0,758.0,401.0,423.0,осязание
2055,сахаристый,прилагательное,1,0,0,1,0,0,0,0,0.0,20.0,25.0,43.0,вкусный
2056,сахарно-белый,прилагательное,1,0,1,0,0,0,1,0,0.0,1.0,3.0,17.0,цвет
2058,сахарный,прилагательное,1,0,0,1,0,0,0,0,86.0,741.0,1034.0,2243.0,вкусный
2059,свежесть,существительное,0,0,0,1,0,1,0,0,11.0,1294.0,1495.0,1915.0,атмосфера
2060,свежий,прилагательное,0,0,0,1,0,1,0,0,213.0,7547.0,8374.0,14314.0,атмосфера
2063,сверкание,существительное,1,0,1,0,0,0,0,0,1.0,62.0,206.0,215.0,яркость
2065,сверкать,глагол,1,0,1,0,0,0,0,0,42.0,2554.0,5671.0,6347.0,яркость
2066,сверкающий,прилагательное,1,0,1,0,0,0,0,0,0.0,3.0,8.0,14.0,яркость
2068,сверхглубокий,прилагательное,0,0,1,1,1,0,0,0,0.0,0.0,1.0,107.0,размер
2070,сверхдлинный,прилагательное,0,0,1,0,1,0,0,0,0.0,0.0,0.0,18.0,размер
2075,свет,существительное,1,0,1,0,0,0,0,0,4491.0,33195.0,38667.0,76601.0,свет
2078,светить,глагол,1,0,1,0,0,0,0,0,80.0,1103.0,1970.0,3425.0,свет
2079,светиться,глагол,1,0,1,0,0,0,0,0,24.0,1205.0,2324.0,4209.0,свет
2080,светленький,прилагательное,1,0,1,0,0,0,0,0,0.0,86.0,67.0,147.0,цвет
2083,светло-алый,прилагательное,1,0,1,0,0,0,0,0,1.0,0.0,1.0,0.0,цвет
2084,светло-бежевый,прилагательное,1,0,1,0,0,0,0,0,0.0,0.0,0.0,36.0,цвет
2085,светло-голубой,прилагательное,1,0,1,0,0,0,0,0,3.0,129.0,117.0,165.0,цвет
2088,светло-коричневый,прилагательное,1,0,1,0,0,0,0,0,0.0,26.0,61.0,254.0,цвет
2089,светло-красный,прилагательное,1,0,1,0,0,0,0,0,0.0,4.0,22.0,17.0,цвет
2090,светло-оранжевый,прилагательное,1,0,1,0,0,0,0,0,0.0,9.0,9.0,11.0,цвет
2091,светло-розовый,прилагательное,1,0,1,0,0,0,0,0,0.0,22.0,31.0,69.0,цвет
2092,светло-серый,прилагательное,1,0,1,0,0,0,0,0,0.0,127.0,198.0,387.0,цвет
2093,светло-синий,прилагательное,1,0,1,0,0,0,0,0,0.0,49.0,66.0,65.0,цвет
2094,светло-фиолетовый,прилагательное,1,0,1,0,0,0,0,0,0.0,6.0,6.0,20.0,цвет
2097,светловатый,прилагательное,1,0,1,0,0,0,0,0,1.0,5.0,7.0,11.0,цвет
2099,светлый,прилагательное,1,0,1,0,0,0,0,0,394.0,9049.0,12318.0,17364.0,цвет
2100,светлый-пресветлый,прилагательное,1,0,1,0,0,0,0,0,0.0,2.0,1.0,4.0,цвет
2101,светлый-светлый,прилагательное,1,0,1,0,0,0,0,0,0.0,1.0,9.0,20.0,цвет
2113,свинцово-серый,прилагательное,1,0,1,0,0,0,1,0,0.0,5.0,15.0,49.0,цвет
2121,серебристо-белый,прилагательное,1,0,1,0,0,0,0,0,0.0,8.0,19.0,45.0,цвет
2122,серебристо-голубой,прилагательное,1,0,1,0,0,0,0,0,0.0,2.0,12.0,24.0,цвет
2124,серебристо-синий,прилагательное,1,0,1,0,0,0,0,0,0.0,1.0,2.0,2.0,цвет
2126,серебристый,прилагательное,1,0,1,0,0,0,0,0,13.0,622.0,1062.0,2245.0,цвет
2127,серенький,прилагательное,1,0,1,0,0,0,0,0,2.0,569.0,786.0,898.0,цвет
2130,серо-белый,прилагательное,1,0,1,0,0,0,0,0,0.0,3.0,21.0,47.0,цвет
2131,серо-голубой,прилагательное,1,0,1,0,0,0,0,0,0.0,31.0,103.0,222.0,цвет
2132,серо-дымчатый,прилагательное,1,0,1,0,0,0,0,0,0.0,3.0,2.0,3.0,цвет
2135,серо-розовый,прилагательное,1,0,1,0,0,0,0,0,0.0,1.0,10.0,15.0,цвет
2136,серобуромалиновый,прилагательное,1,0,1,0,0,0,0,0,0.0,0.0,0.0,1.0,цвет
2137,серовато-голубой,прилагательное,1,0,1,0,0,0,0,0,0.0,4.0,11.0,9.0,цвет
2138,сероватый,прилагательное,1,0,1,0,0,0,0,0,16.0,220.0,262.0,372.0,цвет
2139,серый,прилагательное,1,0,1,0,0,0,0,0,231.0,5882.0,15886.0,19190.0,цвет
2141,сиверкий,прилагательное,1,1,0,0,0,0,0,0,2.0,38.0,31.0,19.0,температура
2143,сивый,прилагательное,1,0,1,0,0,0,0,0,3.0,177.0,320.0,399.0,цвет
2145,сизо-голубой,прилагательное,1,0,1,0,0,0,0,0,0.0,2.0,4.0,7.0,цвет
2147,сизо-серый,прилагательное,1,0,1,0,0,0,0,0,0.0,0.0,2.0,5.0,цвет
2152,симметрично,наречие,1,0,1,0,0,0,0,0,0.0,75.0,83.0,241.0,форма
2153,симметричность,существительное,1,0,1,0,0,0,0,0,0.0,6.0,23.0,61.0,форма
2154,симметричный,прилагательное,1,0,1,0,0,0,0,0,0.0,261.0,87.0,700.0,форма
2155,симметрия,существительное,1,0,1,0,0,0,0,0,12.0,158.0,227.0,1431.0,форма
2156,сине-багровый,прилагательное,1,0,1,0,0,0,0,0,0.0,35.0,27.0,14.0,цвет
2157,сине-голубой,прилагательное,1,0,1,0,0,0,0,0,0.0,0.0,16.0,46.0,цвет
2159,сине-серый,прилагательное,1,0,1,0,0,0,0,0,0.0,4.0,50.0,22.0,цвет
2160,сине-фиолетовый,прилагательное,1,0,1,0,0,0,0,0,0.0,8.0,6.0,42.0,цвет
2163,синевато-красный,прилагательное,1,0,1,0,0,0,0,0,0.0,5.0,5.0,5.0,цвет
2165,синеватый,прилагательное,1,0,1,0,0,0,0,0,29.0,343.0,794.0,709.0,цвет
2167,синенький,прилагательное,1,0,1,0,0,0,0,0,1.0,151.0,200.0,336.0,цвет
2168,синий,прилагательное,1,0,1,0,0,0,0,0,157.0,4291.0,10366.0,14860.0,цвет
2170,синий-пресиний,прилагательное,1,0,1,0,0,0,0,0,0.0,4.0,4.0,19.0,цвет
2171,синий-синий,прилагательное,1,0,1,0,0,0,0,0,0.0,7.0,57.0,132.0,цвет
2174,сирена,существительное,1,0,0,0,1,0,0,0,48.0,150.0,569.0,1345.0,звучать
2175,сиреневатый,прилагательное,1,0,1,0,0,0,0,0,0.0,0.0,8.0,20.0,цвет
2176,сиренево-розовый,прилагательное,1,0,1,0,0,0,0,0,0.0,0.0,5.0,16.0,цвет
2177,сиренево-синий,прилагательное,1,0,1,0,0,0,0,0,0.0,0.0,0.0,7.0,цвет
2178,сиренево-фиолетовый,прилагательное,1,0,1,0,0,0,0,0,0.0,0.0,1.0,10.0,цвет
2179,сиреневый,прилагательное,1,0,1,0,0,0,1,0,0.0,52.0,379.0,1260.0,цвет
2185,склизкий,прилагательное,1,1,0,0,0,0,0,0,4.0,33.0,121.0,226.0,осязание
2186,склизко,наречие,1,1,0,0,0,0,0,0,0.0,5.0,12.0,21.0,осязание
2193,скус,существительное,1,0,0,1,0,0,0,0,0.0,28.0,16.0,9.0,вкусный
2194,скусный,прилагательное,1,0,0,1,0,0,0,0,0.0,26.0,28.0,12.0,вкусный
2198,слабокислый,прилагательное,1,0,0,1,0,0,0,0,0.0,14.0,2.0,28.0,вкусный
2201,сладенький,прилагательное,0,0,0,1,0,1,0,0,0.0,140.0,111.0,189.0,вкусный
2202,сладенько,наречие,0,0,0,1,0,1,0,0,0.0,9.0,6.0,19.0,вкусный
2204,сладкий,прилагательное,0,0,0,1,0,1,0,0,424.0,2911.0,3487.0,5898.0,вкусный
2205,сладкий-пресладкий,прилагательное,0,0,0,1,0,1,0,0,0.0,3.0,3.0,9.0,вкусный
2206,сладкий-сладкий,прилагательное,0,0,0,1,0,1,0,0,0.0,1.0,7.0,7.0,вкусный
2207,сладко,наречие,0,0,0,1,0,1,0,0,45.0,1423.0,1864.0,2266.0,вкусный
2209,сладковатый,прилагательное,0,0,0,1,0,1,0,0,2.0,41.0,154.0,440.0,вкусный
2210,сладкоголосие,существительное,1,0,0,0,1,0,0,0,0.0,0.0,1.0,0.0,музыка
2211,сладкое,существительное,1,0,0,1,0,0,0,0,91.0,870.0,1141.0,1810.0,вкусный
2214,сладость,существительное,0,0,0,1,0,1,0,0,257.0,703.0,915.0,1534.0,вкусный
2215,сласть,существительное,1,0,0,1,0,0,0,0,17.0,410.0,386.0,264.0,вкусный
2216,слепить,глагол,1,0,1,0,0,0,1,0,11.0,180.0,587.0,1891.0,яркость
2221,слизистый,прилагательное,1,1,0,0,0,0,1,0,0.0,108.0,204.0,708.0,вещество
2222,слизкий,прилагательное,1,1,0,0,0,0,0,0,8.0,5.0,16.0,15.0,осязание
2224,слоноподобный,прилагательное,1,0,1,0,0,0,0,0,0.0,2.0,15.0,15.0,размер 
2234,смак,существительное,1,0,0,1,0,0,0,0,3.0,22.0,81.0,235.0,вкусный
2235,смакование,существительное,1,0,0,1,0,0,0,0,0.0,13.0,26.0,78.0,вкусный
2238,смачность,существительное,1,0,0,1,0,0,0,0,0.0,2.0,0.0,3.0,вкусный
2239,смачный,прилагательное,1,0,0,1,0,0,0,0,3.0,12.0,26.0,146.0,вкусный
2243,смердеть,глагол,1,0,0,0,0,1,0,0,26.0,144.0,164.0,287.0,вонь
2244,смердючий,прилагательное,1,0,0,0,0,1,0,0,0.0,0.0,1.0,0.0,вонь
2245,смердящий,причастие,1,0,0,0,0,1,0,0,0.0,2.0,0.0,1.0,вонь
2256,смрад,существительное,1,0,0,0,0,1,0,старый,25.0,299.0,366.0,439.0,вонь
2257,смрадный,прилагательное,1,0,0,0,0,1,0,0,39.0,237.0,301.0,263.0,вонь
2258,смурый,прилагательное,1,0,1,0,0,0,1,0,6.0,41.0,62.0,4.0,цвет
2260,снежно-белый,прилагательное,1,0,1,0,0,0,1,0,0.0,42.0,62.0,87.0,цвет
2263,согнутый,прилагательное,1,0,1,0,0,0,0,0,8.0,281.0,732.0,1073.0,форма
2276,солить,глагол,1,0,0,1,0,0,0,0,29.0,221.0,172.0,408.0,вкусный
2281,солоноватый,прилагательное,1,0,0,1,0,0,0,0,8.0,74.0,80.0,195.0,вкусный
2282,соль,существительное,1,0,0,1,0,0,0,0,923.0,4090.0,3238.0,9178.0,вкусный
2288,сопрано,существительное,1,0,0,0,1,0,0,0,0.0,91.0,484.0,302.0,музыка
2296,сохлый,прилагательное,1,1,0,0,0,0,0,0,0.0,30.0,70.0,173.0,атмосфера
2297,сочно,наречие,0,1,0,1,0,1,0,0,1.0,30.0,214.0,187.0,вкусный
2298,сочность,существительное,0,1,0,1,0,1,0,0,1.0,23.0,56.0,103.0,вкусный
2299,сочный,прилагательное,0,1,0,1,0,1,0,0,19.0,598.0,898.0,1850.0,вкусный
2303,стенание,существительное,1,0,0,0,1,0,0,0,105.0,175.0,137.0,256.0,голос
2306,стон,существительное,1,0,0,0,1,0,0,0,45.0,2207.0,3051.0,2769.0,голос
2308,стонущий,причастие,1,0,0,0,1,0,0,0,0.0,0.0,5.0,10.0,голос
2314,стылый,прилагательное,1,1,0,0,0,0,0,0,0.0,30.0,149.0,488.0,температура
2324,сухо,наречие,1,1,0,0,0,0,1,0,25.0,1677.0,2275.0,2728.0,атмосфера
2325,суховатый,прилагательное,1,1,0,0,0,0,0,0,0.0,31.0,170.0,299.0,атмосфера
2327,сухой-пресухой,прилагательное,1,1,0,0,0,0,0,0,0.0,0.0,0.0,2.0,атмосфера
2328,сухой-сухой,прилагательное,1,1,0,0,0,0,0,0,0.0,1.0,0.0,2.0,атмосфера
2329,сухонький,прилагательное,0,1,1,0,0,0,1,0,18.0,251.0,425.0,0.0,атмосфера
2330,сухость,существительное,1,1,0,0,0,0,0,0,19.0,449.0,418.0,546.0,атмосфера
2334,сухохонький,прилагательное,1,1,0,0,0,0,0,0,0.0,2.0,0.0,0.0,атмосфера
2341,сыреть,глагол,1,1,0,0,0,0,0,0,3.0,14.0,28.0,41.0,атмосфера
2342,сыро,наречие,0,1,1,1,0,1,0,0,1.0,385.0,742.0,765.0,атмосфера
2343,сырой,прилагательное,0,1,1,1,0,1,0,0,148.0,2221.0,3575.0,5364.0,атмосфера
2344,сырость,существительное,0,1,1,1,0,1,0,0,57.0,1052.0,1535.0,1667.0,атмосфера
2345,сытный,прилагательное,1,0,0,1,0,0,0,0,20.0,389.0,369.0,682.0,вкусный
2346,сытость,существительное,1,0,0,1,0,0,0,0,14.0,170.0,315.0,443.0,вкусный
2350,тактильность,существительное,1,1,0,0,0,0,0,0,0.0,0.0,0.0,8.0,осязание
2351,такусенький,прилагательное,1,0,1,0,0,0,0,0,0.0,1.0,0.0,23.0,размер
2357,тверденький,прилагательное,1,1,0,0,0,0,0,0,0.0,0.0,3.0,11.0,осязание
2359,твердоватый,прилагательное,1,1,0,0,0,0,0,0,0.0,2.0,7.0,4.0,осязание
2365,твeрдый,прилагательное,0,1,0,0,1,0,0,0,0.0,0.0,0.0,2.0,осязание
2367,тембр,существительное,1,0,0,0,1,0,0,0,0.0,63.0,387.0,569.0,музыка
2369,темнеть,глагол,1,0,1,0,0,0,0,0,14.0,710.0,2188.0,2888.0,свет
2370,темно,наречие,1,0,1,0,0,0,0,0,57.0,1850.0,3609.0,3801.0,свет
2373,темно-золотой,прилагательное,1,0,1,0,0,0,0,0,0.0,0.0,15.0,18.0,цвет
2382,темноватость,существительное,1,0,1,0,0,0,0,0,0.0,0.0,1.0,0.0,свет
2383,темноватый,прилагательное,1,0,1,0,0,0,0,0,9.0,103.0,231.0,344.0,свет
2384,темнота,существительное,1,0,1,0,0,0,0,0,213.0,2987.0,8983.0,13243.0,свет
2385,темный,прилагательное,1,0,1,0,0,0,1,0,6.0,10.0,12.0,17.0,свет
2387,тепло,наречие,1,1,0,0,0,0,0,0,78.0,3519.0,7590.0,15814.0,температура
2388,тепловатый,прилагательное,1,1,0,0,0,0,0,0,3.0,30.0,82.0,106.0,температура
2389,теплый,прилагательное,1,1,0,0,0,0,0,0,2.0,29.0,10.0,18.0,температура
2390,теплынь,существительное,1,1,0,0,0,0,0,0,2.0,51.0,108.0,205.0,температура
2391,терпкий,прилагательное,0,0,0,1,0,1,0,0,0.0,36.0,285.0,566.0,вкусный
2392,терпко,наречие,0,0,0,1,0,1,0,0,0.0,1.0,19.0,56.0,вкусный
2393,терпкость,существительное,0,0,0,1,0,1,0,0,0.0,5.0,7.0,51.0,вкусный
2399,тесный,прилагательное,1,0,1,0,0,0,0,0,323.0,4372.0,5235.0,7288.0,форма
2401,тлетворный,прилагательное,1,0,0,0,0,1,0,0,11.0,160.0,112.0,182.0,вонь
2409,тональность,существительное,1,0,0,0,1,0,0,0,0.0,7.0,168.0,1137.0,музыка
2420,трезвон,существительное,1,0,0,0,1,0,0,0,1.0,126.0,204.0,126.0,музыка
2421,трезвучие,существительное,1,0,0,0,1,0,0,0,0.0,5.0,2.0,57.0,музыка
2422,тремоло,существительное,1,0,0,0,1,0,0,0,0.0,10.0,14.0,37.0,музыка
2423,треугольник,существительное,1,0,1,0,0,0,0,0,76.0,1042.0,1126.0,2654.0,форма
2425,треугольный,прилагательное,1,0,1,0,0,0,0,0,41.0,282.0,324.0,1200.0,форма
2429,трогание,существительное,1,1,0,0,0,0,0,0,0.0,10.0,3.0,68.0,осязание
2430,трубить,глагол,1,0,0,0,1,0,0,0,20.0,358.0,578.0,691.0,музыка
2431,трубление,существительное,1,0,0,0,1,0,0,0,1.0,1.0,1.0,2.0,музыка
2432,трубящий,причастие,1,0,0,0,1,0,0,0,0.0,1.0,0.0,0.0,музыка
2440,тугой,прилагательное,0,1,0,0,1,1,0,0,38.0,471.0,1368.0,2669.0,вещество
2450,тупой,прилагательное,1,1,0,0,0,0,1,0,72.0,1437.0,2632.0,4025.0,осязание
2451,тупой-претупой,прилагательное,1,1,0,0,0,0,1,0,0.0,1.0,0.0,0.0,осязание
2452,тупой-тупой,прилагательное,1,1,0,0,0,0,1,0,0.0,0.0,17.0,8.0,осязание
2453,тупоконечный,прилагательное,0,1,1,0,0,0,0,0,3.0,0.0,1.0,8.0,форма
2455,тусклеть,глагол,1,0,1,0,0,0,0,0,0.0,0.0,2.0,2.0,свет
2456,тускло,наречие,1,0,1,0,0,0,0,0,1.0,404.0,1115.0,1081.0,свет
2457,тускло-белый,прилагательное,1,0,1,0,0,0,0,0,0.0,1.0,2.0,3.0,цвет
2459,тускло-коричневый,прилагательное,1,0,1,0,0,0,0,0,0.0,0.0,0.0,7.0,цвет
2460,тускло-серый,прилагательное,1,0,1,0,0,0,0,0,0.0,4.0,8.0,16.0,цвет
2461,тускловатый,прилагательное,1,0,1,0,0,0,0,0,0.0,6.0,23.0,60.0,свет
2462,тусклый,прилагательное,1,0,1,0,0,0,0,0,17.0,1003.0,2428.0,2829.0,свет
2463,тухлый,прилагательное,0,0,0,1,0,1,0,0,2.0,88.0,221.0,431.0,вонь
2464,тухлятинка,существительное,0,0,0,1,0,1,0,0,0.0,0.0,5.0,6.0,вонь
2469,тягучесть,существительное,0,1,0,1,1,1,0,0,0.0,15.0,19.0,24.0,вещество
2470,тягучий,прилагательное,0,1,0,1,1,1,0,0,0.0,102.0,593.0,874.0,вещество
2505,ужористый,прилагательное,1,0,0,1,0,0,0,0,0.0,0.0,0.0,1.0,вкусный
2507,узенький,прилагательное,1,0,1,0,0,0,0,0,25.0,1048.0,1183.0,1139.0,форма
2511,узкий,прилагательное,1,0,1,0,0,0,0,0,197.0,4820.0,9243.0,16485.0,форма
2512,узкий-преузкий,прилагательное,1,0,1,0,0,0,0,0,0.0,1.0,1.0,3.0,форма
2513,узкий-узкий,прилагательное,1,0,1,0,0,0,0,0,0.0,1.0,4.0,11.0,форма
2514,узко,наречие,1,0,1,0,0,0,0,0,12.0,129.0,326.0,345.0,форма
2517,узковато,наречие,1,0,1,0,0,0,0,0,0.0,1.0,2.0,11.0,форма
2518,узковатость,существительное,1,0,1,0,0,0,0,0,0.0,1.0,0.0,0.0,форма
2519,узковатый,прилагательное,1,0,1,0,0,0,0,0,0.0,16.0,9.0,70.0,форма
2534,ультрамариновый,прилагательное,1,0,1,0,0,0,1,0,0.0,3.0,25.0,56.0,цвет
2535,ультрамягкий,прилагательное,0,1,1,1,1,1,0,0,0.0,0.0,0.0,8.0,осязание
2538,унисон,существительное,1,0,0,0,1,0,0,0,0.0,70.0,152.0,365.0,музыка
2576,фиалковый,прилагательное,0,0,1,0,0,1,1,0,3.0,13.0,47.0,104.0,цвет
2577,фимиам,существительное,1,0,0,0,0,1,0,0,30.0,223.0,194.0,133.0,запах
2578,фиолетовый,прилагательное,1,0,1,0,0,0,0,0,27.0,452.0,925.0,2298.0,цвет
2580,фисташково-серый,прилагательное,1,0,1,0,0,0,0,0,0.0,0.0,1.0,0.0,цвет
2581,фисташковый,прилагательное,0,0,1,1,0,1,1,0,0.0,18.0,70.0,110.0,цвет
2589,форма,существительное,1,0,1,0,0,0,0,0,163.0,16843.0,31218.0,65089.0,форма
2595,хаки,прилагательное,1,0,1,0,0,0,0,0,0.0,1.0,104.0,204.0,цвет
2598,хладно,наречие,1,1,0,0,0,0,0,0,1.0,5.0,14.0,10.0,температура
2599,хладный,прилагательное,1,1,0,0,0,0,0,0,64.0,244.0,164.0,128.0,температура
2600,хлипкий,прилагательное,0,1,1,0,0,0,0,0,0.0,19.0,76.0,496.0,форма
2601,хлипко,наречие,0,1,1,0,0,0,0,0,0.0,0.0,6.0,6.0,форма
2602,хлипкость,существительное,0,1,1,0,0,0,0,0,0.0,2.0,1.0,11.0,форма
2605,хлюпкий,прилагательное,0,1,1,0,0,0,0,0,0.0,0.0,20.0,10.0,форма
2608,холод,существительное,1,1,0,0,0,0,0,0,87.0,4382.0,6530.0,8872.0,температура
2610,холодить,глагол,1,1,0,0,0,0,0,0,2.0,65.0,172.0,364.0,температура
2611,холодненький,прилагательное,1,1,0,0,0,0,0,0,0.0,81.0,48.0,82.0,температура
2616,холоднешенек,прилагательное,1,1,0,0,0,0,0,0,0.0,1.0,0.0,0.0,температура
2619,холодно,наречие,1,1,0,0,0,0,0,0,31.0,3693.0,5998.0,6895.0,температура
2621,холодный,прилагательное,1,1,0,0,0,0,0,0,375.0,8247.0,12795.0,18867.0,температура
2627,хрупкий,прилагательное,0,1,1,0,1,0,0,0,5.0,255.0,1045.0,3162.0,осязание
2631,хрупкость,существительное,0,1,1,0,1,0,0,0,1.0,15.0,81.0,367.0,осязание
2632,хрусткий,прилагательное,1,1,0,0,0,0,0,0,0.0,2.0,45.0,156.0,осязание
2652,цвет,существительное,1,0,1,0,0,0,0,0,1220.0,10661.0,13810.0,30843.0,цвет
2654,цветастый,прилагательное,1,0,1,0,0,0,0,0,0.0,0.0,40.0,689.0,цвет
2657,цветной,прилагательное,1,0,1,0,0,0,0,0,71.0,1123.0,2736.0,7692.0,цвет
2664,червонный,прилагательное,1,0,1,0,0,0,0,0,167.0,397.0,417.0,212.0,цвет
2669,черно-серый,прилагательное,1,0,1,0,0,0,0,0,0.0,10.0,44.0,54.0,цвет
2672,черноватый,прилагательное,1,0,1,0,0,0,0,0,79.0,112.0,72.0,65.0,цвет
2679,черным-черно,наречие,1,0,1,0,0,0,0,0,0.0,0.0,12.0,25.0,цвет
2682,черствый,прилагательное,1,1,0,0,0,0,1,0,0.0,1.0,0.0,1.0,вкусный
2685,чисто-красный,прилагательное,1,0,1,0,0,0,0,0,0.0,0.0,0.0,1.0,цвет
2686,чисто-розовый,прилагательное,1,0,1,0,0,0,0,0,0.0,0.0,1.0,1.0,цвет
2700,чуточный,прилагательное,1,0,1,0,0,0,0,0,0.0,0.0,8.0,6.0,размер
2705,чeрный,прилагательное,1,0,1,0,0,0,0,0,0.0,0.0,0.0,1.0,цвет
2707,шарлаховый,прилагательное,1,0,1,0,0,0,1,0,0.0,0.0,1.0,3.0,цвет
2709,шаровидный,прилагательное,1,0,1,0,0,0,0,0,8.0,36.0,48.0,162.0,форма
2710,шаровой,прилагательное,1,0,1,0,0,0,0,0,0.0,16.0,49.0,664.0,форма
2712,шарообразный,прилагательное,1,0,1,0,0,0,0,0,6.0,71.0,128.0,204.0,форма
2717,шафранный,прилагательное,1,0,1,0,0,0,1,0,2.0,33.0,50.0,38.0,цвет
2718,шафрановый,прилагательное,1,0,1,0,0,0,1,0,0.0,7.0,9.0,51.0,цвет
2721,шелковистость,существительное,1,1,0,0,0,0,0,0,0.0,2.0,5.0,29.0,осязание
2722,шелковистый,прилагательное,1,1,0,0,0,0,0,0,2.0,212.0,229.0,413.0,осязание
2726,шероховатость,существительное,1,1,0,0,0,0,0,0,1.0,80.0,121.0,280.0,осязание
2727,шероховатый,прилагательное,1,1,0,0,0,0,0,0,37.0,104.0,126.0,279.0,осязание
2729,шершавость,существительное,1,1,0,0,0,0,0,0,0.0,2.0,7.0,37.0,осязание
2730,шершавый,прилагательное,1,1,0,0,0,0,0,боль,4.0,120.0,596.0,1276.0,осязание
2731,шибать,глагол,1,0,0,0,0,1,1,0,0.0,18.0,46.0,113.0,запах
2738,широкий,прилагательное,1,0,1,0,0,0,0,0,346.0,13424.0,25224.0,35859.0,размер
2739,широкий-преширокий,прилагательное,1,0,1,0,0,0,0,0,0.0,2.0,1.0,1.0,размер
2740,широкий-широкий,прилагательное,1,0,1,0,0,0,0,0,0.0,2.0,6.0,2.0,размер
2741,широко,наречие,1,0,1,0,0,0,0,0,31.0,2268.0,6974.0,11974.0,размер
2743,широко-широко,наречие,1,0,1,0,0,0,0,0,0.0,3.0,6.0,10.0,размер
2745,широконький,прилагательное,1,0,1,0,0,0,0,0,0.0,1.0,7.0,0.0,размер
2751,широченный,прилагательное,1,0,1,0,0,0,0,0,0.0,7.0,117.0,533.0,размер
2756,шоколадно-коричневый,прилагательное,1,0,1,0,0,0,1,0,0.0,0.0,0.0,7.0,цвет
2762,шум,существительное,1,0,0,0,1,0,0,0,375.0,7980.0,10807.0,13239.0,звучать
2763,шуметь,глагол,1,0,0,0,1,0,0,0,133.0,2568.0,4309.0,4719.0,звучать
2764,шумящий,причастие,1,0,0,0,1,0,0,0,1.0,1.0,0.0,0.0,звучать
2772,щупать,глагол,1,1,0,0,0,0,0,0,11.0,256.0,677.0,749.0,осязание
2778,эбонитовый,прилагательное,1,0,1,0,0,0,1,0,0.0,15.0,131.0,68.0,цвет
2784,эхо,существительное,1,0,0,0,1,0,0,0,40.0,580.0,1735.0,2930.0,звучать
2787,ядовито-красный,прилагательное,1,0,1,0,0,0,0,0,0.0,0.0,0.0,12.0,цвет
2788,ядовито-оранжевый,прилагательное,1,0,1,0,0,0,0,0,0.0,0.0,0.0,7.0,цвет
2789,ядовито-розовый,прилагательное,1,0,1,0,0,0,0,0,0.0,0.0,0.0,10.0,цвет
2790,ядовито-синий,прилагательное,1,0,1,0,0,0,0,0,0.0,0.0,4.0,7.0,цвет
2794,яркий,прилагательное,0,0,1,1,1,1,0,0,35.0,5310.0,11350.0,19340.0,яркость
2795,ярко,наречие,0,0,1,1,1,1,0,0,1.0,2568.0,5304.0,5644.0,яркость
2796,ярко-белый,прилагательное,1,0,1,0,0,0,0,0,0.0,21.0,47.0,107.0,цвет
2797,ярко-голубой,прилагательное,1,0,1,0,0,0,0,0,0.0,23.0,43.0,150.0,цвет
2800,ярко-золотой,прилагательное,1,0,1,0,0,0,0,0,0.0,7.0,6.0,8.0,цвет
2801,ярко-красный,прилагательное,1,0,1,0,0,0,0,0,0.0,134.0,354.0,706.0,цвет
2803,ярко-оранжевый,прилагательное,1,0,1,0,0,0,0,0,0.0,14.0,18.0,132.0,цвет
2804,ярко-розовый,прилагательное,1,0,1,0,0,0,0,0,0.0,23.0,45.0,120.0,цвет
2805,ярко-синий,прилагательное,1,0,1,0,0,0,0,0,0.0,15.0,98.0,277.0,цвет
2806,ярко-фиолетовый,прилагательное,1,0,1,0,0,0,0,0,0.0,3.0,5.0,13.0,цвет
2808,яркость,существительное,0,0,1,1,1,1,1,0,2.0,390.0,839.0,1416.0,яркость
